,id,conversation_id,date,time,user_id,username,name,place,tweet,language,mentions,urls,photos,replies_count,retweets_count,likes_count,hashtags,link,video,reply_to,processed_tweets
0,1.3441047714985697e+18,1.3441047714985697e+18,2020-12-30,10:15:24,14314503.0,aaronunkoch,Aaron Koh,,"With all the safe entry sessions in Singapore, how big is the data storage per day?",en,[],[],[],0.0,0.0,1.0,[],https://twitter.com/AaronUnKoch/status/1344104771498569728,0.0,[],"['session', 'singapor', 'big', 'data', 'storag', 'per', 'day']"
1,1.3438737252722442e+18,1.3438737252722442e+18,2020-12-29,18:57:18,70879081.0,ecownomics,Minion Mike,"{'type': 'Point', 'coordinates': [1.29, 103.85]}","Scanned a TT only SafeEntry QR code. Told the staff I can't scan it, here's my token. Staff said oops. They can't scan too. Come on in.  Isit mandatory TT coming soon?",en,[],[],[],2.0,0.0,0.0,[],https://twitter.com/ecownomics/status/1343873725272244226,0.0,[],"['scan', 'tt', 'safeentri', 'qr', 'code', 'told', 'staff', 'ca', 'scan', 'token', 'staff', 'said', 'oop', 'ca', 'scan', 'come', 'isit', 'mandatori', 'tt', 'come', 'soon']"
2,1.3434366469356544e+18,1.3434366469356544e+18,2020-12-28,14:00:31,470018694.0,shanmathy_,ğ’®ğ’½ğ’¶ğ“ƒğ“‚ğ’¶ğ“‰ğ’½ğ“ ğ’Ÿğ’¶ğ“ƒğ’¶ğ“€ğ“Šğ“‚ğ’¶ğ“‡ ğŸŒ»,"{'type': 'Point', 'coordinates': [1.28342504, 103.86233405]}","Food is in the pantry Singapore is a safe country In your heart, I want to do a SafeEntry ğŸ’˜ @ MBS Skypark Observation Deck  https://t.co/NFJJnZ6agu",en,[],['https://www.instagram.com/p/CJVKHcTl-t6ay-WCloIEpRiLLBbbXDE96zPP2A0/?igshid=14j6v4vuzf6lx'],[],0.0,0.0,0.0,[],https://twitter.com/Shanmathy_/status/1343436646935654407,0.0,[],"['food', 'pantri', 'singapor', 'countri', 'heart', 'want', 'safeentri', 'mb', 'skypark', 'observ', 'deck']"
3,1.3417572772341023e+18,1.3417572772341023e+18,2020-12-23,22:47:18,30687037.0,invariant_stars,Celeste Koh,,Just got home after a long day of SafeEntry work. Too tired plus something didn't turn out smoothly by the time I ended work. And I got home and somehow got dragged into my mum's unreasonable fight with my sis. Emotionally distressed... I need time to slowly process everything ğŸ˜¨,en,[],[],[],0.0,0.0,0.0,[],https://twitter.com/invariant_stars/status/1341757277234102273,0.0,[],"['got', 'home', 'long', 'day', 'safeentri', 'work', 'tire', 'plu', 'someth', 'turn', 'smoothli', 'time', 'end', 'work', 'got', 'home', 'somehow', 'got', 'drag', 'mum', 'unreason', 'fight', 'si', 'emot', 'distress', 'need', 'time', 'slowli', 'process', 'everyth']"
4,1.3391266649833144e+18,1.3391266649833144e+18,2020-12-16,16:34:11,9.596776870893486e+17,joelhzy,jÅ“Å‚,,"Lol just saw a Chinese from China arrive and tried entering jewel only to get rejected entry by the safe entry guy. Feel bad tho, the girl was asking so nicely but the guy donâ€™t understand Chinese so he just getting annoyed. Wouldâ€™ve helped but Iâ€™m lazy..",en,[],[],[],0.0,0.0,1.0,[],https://twitter.com/joelhzy/status/1339126664983314432,0.0,[],"['lol', 'saw', 'chines', 'china', 'arriv', 'tri', 'enter', 'jewel', 'get', 'reject', 'guy', 'feel', 'bad', 'tho', 'girl', 'ask', 'nice', 'guy', 'understand', 'chines', 'get', 'annoy', 'would', 'help', 'lazi']"
5,1.3379981613699973e+18,1.3379945576784896e+18,2020-12-13,13:49:55,134866460.0,davidjrainey,David Rainey ğŸ‡¸ğŸ‡¬,,@he_koh @mrbrown Great idea. Iâ€™m baffled that TT penetration is so low when Smartphone penetration in Singapore is so high. Are people still using SafeEntry on SingPass??,en,[],[],[],2.0,0.0,1.0,[],https://twitter.com/davidjrainey/status/1337998161369997314,0.0,"[{'screen_name': 'he_koh', 'name': 'ğŸ‡¸ğŸ‡¬ Hong-Eng Koh (é«˜å®è£)', 'id': '572366128'}, {'screen_name': 'mrbrown', 'name': 'mrbrown', 'id': '574253'}]","['great', 'idea', 'baffl', 'tt', 'penetr', 'low', 'smartphon', 'penetr', 'singapor', 'high', 'peopl', 'still', 'use', 'safeentri', 'singpass']"
7,1.337038552417194e+18,1.337038552417194e+18,2020-12-10,22:16:46,2470337852.0,janetok80,Jane Tok å“æ–½æ…§,,It is a tradition of mine since 10 years ago to take a pic with the Taka Christmas ğŸ„ becos they make the best ğŸ„ every year. This year there wasnâ€™t any tree but instead replaced with marking stickers and safe entry gantry. A little disappointed but I shall forward to the next.  https://t.co/eu5PVxWfwk,en,[],[],['https://pbs.twimg.com/media/Eo4deCbUcAAoTig.jpg'],0.0,0.0,0.0,[],https://twitter.com/JaneTok80/status/1337038552417193984,1.0,[],"['offic', 'man', 'desk', 'wet', 'market']"
8,1.3368393002944307e+18,1.3368393002944307e+18,2020-12-10,09:05:01,1453990572.0,_rodahidup,ANABELI S560e,,About 6 officers manning the only #SafeEntry desk into the wet market.  https://t.co/N1vUHZcjD2,en,[],[],[],0.0,0.0,0.0,['safeentry'],https://twitter.com/_rodahidup/status/1336839300294430720,1.0,[],"['hot', 'damn', 'take', 'singapor', 'safeentri', 'qr', 'code', 'grant']"
9,1.3361024039390577e+18,1.3361024039390577e+18,2020-12-08,08:16:51,1.0325873337725706e+18,vargaseous,Joshua Vargas #DefendUP,,Hot damn I've been taking Singapore's SafeEntry QR Codes for granted,en,[],[],[],0.0,0.0,2.0,[],https://twitter.com/vargaseous/status/1336102403939057686,0.0,[],"['squirrel', 'bird', 'tree', 'dweller', 'everi', 'tree', 'visit', 'membina', 'court']"
10,1.3333380302125752e+18,1.3333380302125752e+18,2020-11-30,17:12:13,283095758.0,mrfyz,Fyz Lil,"{'type': 'Point', 'coordinates': [1.28266369, 103.82462183]}","So do squirrels, birds and other tree dwellers have to Safe Entry themselves in for every tree they visit? ğŸ˜‚ @ Membina Court  https://t.co/4MBZ5a3iWt",en,[],['https://www.instagram.com/p/CINZzEHBaF5/?igshid=tcnegckj40y4'],[],0.0,0.0,0.0,[],https://twitter.com/mrfyz/status/1333338030212575233,0.0,[],"['new', 'safeentri', 'gateway', 'devic', 'make', 'conveni']"
11,1.3325902736463217e+18,1.3325902736463217e+18,2020-11-28,15:40:54,50274262.0,mistertechblog,Lup Yuen Lee æç«‹æº,,"""New SafeEntry Gateway device to make #TraceTogether check-ins more convenient""   https://t.co/Y5rCRq4B30",en,[],['https://www.channelnewsasia.com/news/singapore/safe-entry-gateway-device-trial-trace-together-downtown-east-13657180'],[],1.0,0.0,1.0,['tracetogether'],https://twitter.com/MisterTechBlog/status/1332590273646321664,0.0,[],"['safeentri', 'gateway', 'design', 'built', 'smart', 'nation', 'digit', 'govern', 'group', 'current', 'trial', 'downtown', 'east', 'end', 'year', 'happen', 'give', 'go']"
12,1.3325756631826022e+18,1.3325746288379535e+18,2020-11-28,14:42:50,1.204567582553936e+18,jeraldineyapcna,Jeraldine Yap,,"SafeEntry Gateway is designed and built in-house by the Smart Nation and Digital Government Group.  It's currently on trial at Downtown East until the end of the year, so if you happen to be there, do give it a go!  https://t.co/qpmmDfGfLr",en,[],[],['https://pbs.twimg.com/media/En5CgN9VQAE9PgH.jpg'],1.0,0.0,1.0,[],https://twitter.com/JeraldineYapCNA/status/1332575663182602240,1.0,[],"['devic', 'call', 'safeentri', 'gateway', 'aim', 'make', 'tracetogeth', 'quick', 'easi', 'use', 'card', 'mean', 'wait', 'line', 'scan', 'qr', 'code', 'ic', 'enter', 'shop', 'mall', 'supermarket', 'especi', 'peak', 'hour']"
13,1.3325746288379535e+18,1.3325746288379535e+18,2020-11-28,14:38:44,1.204567582553936e+18,jeraldineyapcna,Jeraldine Yap,,"This device, called the SafeEntry Gateway, aims to make TraceTogether check-ins as quick and easy as using an EZ-Link card.   That means no more waiting in line to scan a QR code or your IC when you're entering a shopping mall or supermarket (especially during peak hours)!  https://t.co/kn0F5hZgVm",en,[],[],['https://pbs.twimg.com/media/En5Bj_oUUAAezc_.jpg'],1.0,1.0,2.0,[],https://twitter.com/JeraldineYapCNA/status/1332574628837953536,1.0,[],"['hope', 'admin', 'count', 'visitor', 'vivoc', 'harbour', 'front', 'center', 'singl', 'mall']"
14,1.332293125331587e+18,1.33229271044361e+18,2020-11-27,20:00:08,50274262.0,mistertechblog,Lup Yuen Lee æç«‹æº,,And I hope the #SafeEntry Admins are counting visitors to VivoCity and Harbour Front Center as a single mall,en,[],[],[],0.0,0.0,2.0,['safeentry'],https://twitter.com/MisterTechBlog/status/1332293125331587072,0.0,[],"['tip', 'queue', 'get', 'long', 'enter', 'harbourfront', 'centr', 'walk', 'vivo']"
15,1.33229271044361e+18,1.33229271044361e+18,2020-11-27,19:58:29,50274262.0,mistertechblog,Lup Yuen Lee æç«‹æº,,"#VivoCity Tip: If the #SafeEntry Queue gets too long, enter by HarbourFront Centre ... And walk over to Vivo  https://t.co/gmgQCawluy",en,[],[],['https://pbs.twimg.com/media/En1BJvoVoAAzP-X.jpg'],1.0,0.0,2.0,"['vivocity', 'safeentry']",https://twitter.com/MisterTechBlog/status/1332292710443610112,1.0,[],"['think', 'day', 'mask', 'free', 'dont', 'need', 'scan', 'safeentri']"
16,1.3314075692948275e+18,1.3314075692948275e+18,2020-11-25,09:21:15,272769811.0,darinakamal,ğ’¹ğ’¶ğ“‡ğ’¾ğ“ƒğ’¶,,thinking of the day weâ€™ll be mask free and dont need to scan safeentry ğŸ˜–,en,[],[],[],0.0,0.0,1.0,[],https://twitter.com/darinakamal/status/1331407569294827526,0.0,[],"['somehow', 'miracul', 'made', 'top', 'ten', 'list', 'thank', 'paulin', 'thank', 'send', 'pictur', 'singapor', 'art', 'museum']"
17,1.3313998304768942e+18,1.3313998304768942e+18,2020-11-25,08:50:30,469391870.0,hemanchong,Heman Chong,"{'type': 'Point', 'coordinates': [1.29742, 103.85077]}","Somehow miraculously made it into @p__yaoâ€™s top ten list in @artforum. Thanks, Pauline! Thanks, @itsgracehong for sending me these pictures! #HemanChong #SafeEntry #Singapore @ Singapore Art Museum  https://t.co/58mT0KmjPC",en,"[{'screen_name': 'artforum', 'name': 'artforum', 'id': '41476705'}, {'screen_name': 'itsgracehong', 'name': 'grace hong', 'id': '720861173621460993'}]",['https://www.instagram.com/p/CH_oZy8lSa3/?igshid=6lzqagicb0bg'],[],0.0,0.0,0.0,"['hemanchong', 'safeentry', 'singapore']",https://twitter.com/HemanChong/status/1331399830476894208,0.0,[],"['back', 'time', 'back', 'dezon', 'bistro', 'age', 'limit', 'alcohol', 'serv', 'year', 'swab', 'test', 'temperatur', 'take', 'requir', 'oper', 'enquiri', 'cuff', 'road']"
18,1.3308608442388726e+18,1.3308608442388726e+18,2020-11-23,21:08:46,2425059788.0,shadeisme,Sha ğŸŒ¿,,"ğŸ‰ WE ARE BACK! ğŸ‰  This time weâ€™re back as DEZONE 2.0 (BISTRO)ğŸ´  ğŸ‘¨â€ğŸ‘©â€ğŸ‘¦â€ğŸ‘¦ No Age Limit   ğŸ” Alcohol only served to those 18 years and above  ğŸŒ¡ NO SWAB TEST, but temperature taking and safe entry required  We operate from 4PM - 10.30PM ğŸ™ŒğŸ¾  Enquiries at 84339700 24 Cuff Road S(209735)  https://t.co/ejOuUPM75c",en,[],[],['https://pbs.twimg.com/media/Engq4WwVcAEUfFu.jpg'],0.0,12.0,17.0,[],https://twitter.com/shadeisme/status/1330860844238872577,1.0,[],"['thank', 'awesom', 'lunch', 'jeju', 'kitchen', 'waterway', 'point']"
19,1.329820586474922e+18,1.329820586474922e+18,2020-11-21,00:15:09,437224118.0,claireleelaunay,Claire Lee-Launay,"{'type': 'Point', 'coordinates': [1.40680049, 103.90217453]}",Thank you @jejukitchen_ for the awesome lunch  #lovingparents #lovinguncle #lovingauntie #bulgogirice #cousinofcousin #tokpokki #friedchicken #safeentry @waterway_point @ Jeju Kitchen at Waterway Point  https://t.co/yQcmDrYHWq,en,[],['https://www.instagram.com/p/CH0aP2anML0/?igshid=t30w7kqaygut'],[],0.0,0.0,0.0,"['lovingparents', 'lovinguncle', 'lovingauntie', 'bulgogirice', 'cousinofcousin', 'tokpokki', 'friedchicken', 'safeentry']",https://twitter.com/ClaireLeeLaunay/status/1329820586474921987,0.0,[],"['ah', 'equival', 'singapor', 'safeentri', 'soon', 'obsolet', 'tracetogeth', 'contact', 'trace', 'get', 'realli', 'messi', 'travel']"
20,1.328937662712062e+18,1.3289285364977992e+18,2020-11-18,13:46:43,50274262.0,mistertechblog,Lup Yuen Lee æç«‹æº,,@Kongduino Ah that's equivalent to Singapore's SafeEntry ... Which will soon be obsoleted by TraceTogether. Contact tracing will get really messy for our travellers ğŸ¤”,en,[],[],[],1.0,0.0,0.0,[],https://twitter.com/MisterTechBlog/status/1328937662712061952,0.0,"[{'screen_name': 'Kongduino', 'name': 'Kongduinoâ“€â“„â“ƒâ’¼â’¹â“Šâ’¾â“ƒâ“„â­†â­•ğ‚ƒğ¦ğ“€´ğ“¶ğ“„¨ğ“‡¶â­…', 'id': '2918350304'}]","['omg', 'went', 'eat', 'tekka', 'market', 'took', 'one', 'look', 'turn', 'back', 'round', 'zero', 'scan', 'zero', 'number', 'control', 'absolut', 'zero', 'distanc', 'reckon', 'least', 'twice', 'number', 'rate', 'forget', 'phase']"
21,1.3271140672243466e+18,1.3271140672243466e+18,2020-11-13,13:00:24,2879212950.0,johnnytheessex,JohnBod,,"Omg just went to eat in Tekka Market, took one look and turned back round. Zero entry scanning, zero numbers control and absolute zero safe distancing. By my reckoning at least twice the number in there than should be. At this rate we can forget phase 3. #CNA  #Straitstimes",en,[],[],[],0.0,0.0,1.0,"['cna', 'straitstimes']",https://twitter.com/johnnytheessex/status/1327114067224346625,0.0,[],"['thursday', 'stori', 'convo', 'mosqu', 'need', 'use', 'nric', 'suddenli', 'boy', 'say', 'ic', 'confid', 'ask', 'age', 'repli', 'took', 'card', 'ministri', 'educ', 'card']"
22,1.3270237870159544e+18,1.3270237870159544e+18,2020-11-13,07:01:40,1.1993523970651177e+18,asyrafweeldan,asyrafweeldan,,"Thursday story. Convo about mosque safe entry which need to use NRIC when suddenly a boy say, I have IC *with confident*. So we ask his age which he reply 10. And he took out his card. ministry of education card! ğŸ˜‚",en,[],[],[],0.0,0.0,0.0,[],https://twitter.com/asyrafweeldan/status/1327023787015954433,0.0,[],"['googl', 'map', 'chillingli', 'accur', 'predict', 'place', 'even', 'insid', 'mall', 'begin', 'suspect', 'might', 'read', 'safeentri']"
23,1.326749579409191e+18,1.326749579409191e+18,2020-11-12,12:52:04,100447430.0,asuna88,Hong Yi,,"Google Maps is chillingly accurate in predicting the places I've been to, even for shops/eateries inside malls. Beginning to suspect it might be reading SafeEntry check-ins ğŸ¤”",en,[],[],[],0.0,0.0,0.0,[],https://twitter.com/asuna88/status/1326749579409190913,0.0,[],"['check', 'shop', 'mall', 'check', 'within', 'mall', 'differ', 'wing', 'check', 'individu', 'store', 'within', 'wing', 'mall', 'need', 'check', 'store', 'check', 'part', 'mall', 'check', 'mall']"
26,1.3236725573383332e+18,1.3236725573383332e+18,2020-11-04,01:05:04,1482348127.0,mferrisn,M.Faris.N,,"Safe entry checking in a shopping mall, only to check in again within the same mall but a different wing and to check in the individual stores within that wing of the mall so you need to check out of the store, check out of that part of the mall and check out of the mall.  https://t.co/1yOgNJ1fGl",en,[],[],['https://pbs.twimg.com/tweet_video_thumb/El6hK6XU8AA3t7j.jpg'],0.0,1.0,3.0,[],https://twitter.com/MFerrisN/status/1323672557338333185,1.0,[],"['first', 'safeentri', 'tracetogeth', 'sold', 'voluntari', 'supposedli', 'smart', 'nation', 'supplement', 'mandatori', 'data', 'compulsori', 'proxim', 'data', 'improv', 'process', 'wait', 'vaccin', 'readi', 'sure', 'forc']"
30,1.3209742140068823e+18,1.3209742140068823e+18,2020-10-27,14:22:49,14742294.0,kaihendry,Kai Hendry ğŸ‡¸ğŸ‡¬,"{'type': 'Point', 'coordinates': [1.31787109, 103.9107314]}",Didnâ€™t realise that my SafeEntry checkins can get stacked if I donâ€™t explicitly checkout from my previous locations ğŸ¤¦â€â™‚ï¸,en,[],[],[],1.0,0.0,0.0,[],https://twitter.com/kaihendry/status/1320974214006882304,0.0,[],"['get', 'get', 'move', 'today', 'let', 'stay', 'vigil', 'look', 'manag', 'measur', 'implement', 'practis', 'distanc', 'use', 'contact', 'trace', 'via', 'safeentri', 'undergo', 'temperatur', 'screen', 'wear', 'face', 'mask', 'rest']"
31,1.3192603006888018e+18,1.3192603006888018e+18,2020-10-22,20:52:21,421701818.0,xarsynxx,STÃ†PH,,Iâ€™m that bij who fumbles at every safe entry checkpoint..I just like to apologise in adv if u are behind me ğŸŒš,en,[],[],[],0.0,0.0,0.0,[],https://twitter.com/xArsynxx/status/1319260300688801794,0.0,[],"['feel', 'kopi', 'c', 'peng', 'siew', 'dai', 'go', 'human', 'much', 'troubl', 'pay', 'servic', 'fee', 'small', 'fee', 'like', 'sian', 'half', 'imma', 'stick', 'nespresso', 'la']"
33,1.3183486888764703e+18,1.3183486888764703e+18,2020-10-20,08:29:55,42135331.0,ronaldvining,Ron Vining,,"First SafeEntry, TraceTogether sold as voluntary. Now, supposedly ğŸ‡¸ğŸ‡¬â€™Smart Nationâ€™ supplements mandatory check-in data w/widespread, compulsory proximity data, to improves its #ContactTracing process. Wait until vaccine ready, itâ€™ll surely be forced too.  https://t.co/2UbyLjndok",en,[],['https://www.straitstimes.com/singapore/pilot-to-require-check-ins-using-tracetogether'],[],1.0,0.0,0.0,['contacttracing'],https://twitter.com/RonaldVining/status/1318348688876470272,0.0,[],"['live', 'singapor', 'phone', 'browser', 'full', 'qr', 'code']"
35,1.3168974852189307e+18,1.3168974852189307e+18,2020-10-16,08:23:21,28810596.0,deesaffelstein,Abelardo Montoya,,Treating SafeEntry like a nouveau Foursquare lmfao,en,[],[],[],0.0,0.0,0.0,[],https://twitter.com/deesaffelstein/status/1316897485218930688,0.0,[],"['singapor', 'friend', 'use', 'singpass', 'scan', 'safeentri', 'qr', 'code', 'like', 'quicker', 'way', 'thank', 'io']"
36,1.315635639308546e+18,1.315635639308546e+18,2020-10-12,20:49:14,68087176.0,bryanbma,Bryan Ma,,I just â¤ï¸ how both SingPass Mobile and TraceTogether have iOS 14 widgets for quicker SafeEntry. The  Android versions donâ€™t even have those yet  https://t.co/J6c9fb7PSY,en,[],[],['https://pbs.twimg.com/media/EkITooPUYAAKpJP.jpg'],0.0,0.0,6.0,[],https://twitter.com/bryanbma/status/1315635639308546048,1.0,[],"['thank', 'ad', 'scan', 'safeentri', 'back', 'tap', 'still', 'leav', 'safeentri', 'shortcut', 'widget']"
37,1.315248363164496e+18,1.315248363164496e+18,2020-10-11,19:10:20,545061748.0,marktivates,Not another Nana Main,,How is everyone doing today? My day was great nothing much just accidentally flashed porn to the safe entry dude instead of the safe entry page ğŸ¤¡ğŸ¤¡ğŸ¤¡,en,[],[],[],1.0,42.0,132.0,[],https://twitter.com/marktivates/status/1315248363164495872,0.0,[],"['safeentri', 'safeexit']"
38,1.314751757931606e+18,1.314751757931606e+18,2020-10-10,10:17:00,327197191.0,sgsportshub,Singapore Sports Hub,,Get out and get moving today! Letâ€™s stay vigilant and look out for each other with the safe management measures implemented ğŸ˜„ğŸ‘ŒğŸ¼  âœ”ï¸ Practise safe distancing  âœ”ï¸ Use contact tracing via SafeEntry  âœ”ï¸ Undergo temperature screening  âœ”ï¸ Wear face mask when resting  https://t.co/gqwuheMgwn,en,[],[],[],0.0,1.0,3.0,[],https://twitter.com/SGSportsHub/status/1314751757931606017,1.0,[],"['would', 'rather', 'govern', 'parent', 'spi', 'ur', 'safeentri', 'data']"
39,1.31446297049199e+18,1.31446297049199e+18,2020-10-09,15:09:28,90391638.0,triciapang,tricia pang,,Iâ€™m feeling for a kopi c peng siew dai now. Going through safe entry and humans is too much trouble and paying service fee and small fee is like sian half. Imma just stick to nespresso la #singaporetogether,en,[],[],[],0.0,0.0,0.0,['singaporetogether'],https://twitter.com/triciapang/status/1314462970491990017,0.0,[],"['dolbi', 'digit', 'around', 'lol']"
40,1.3130466023622287e+18,1.3130466023622287e+18,2020-10-05,17:21:19,178441197.0,mhdhafizee,mohd hafizee,,"one of nice beaches in Johor for your picnic, short getaway and beach therapy ğŸŒŠğŸŒ´â˜€ï¸  Desaru Beach (public beach) Bandar Penawar 81930Â Kota Tinggi, Johor  â€¢ opening hours during RMCO ~ 11am-6pm (weekdays) ~ 9am-6pm (weekend/PH)   â€¢ RM6.00 per entry â€¢ safe dedicated car park  https://t.co/K6jY6Ein4y",en,[],[],"['https://pbs.twimg.com/media/Ejjg6oYU0AAG_Ce.jpg', 'https://pbs.twimg.com/media/Ejjg63OUwAEbCRi.jpg', 'https://pbs.twimg.com/media/Ejjg7CDVkAAwK65.jpg', 'https://pbs.twimg.com/media/Ejjg7OYUYAA9Uhi.jpg']",2.0,14.0,27.0,[],https://twitter.com/mhdhafizee/status/1313046602362228736,1.0,[],"['alway', 'transmiss', 'chain', 'pandem', 'peopl', 'infect', 'directli', 'relat', 'quickli', 'identifi', 'isol', 'new', 'case', 'digit', 'tool', 'like', 'amp', 'safeentri', 'help', 'speed', 'contact', 'trace', 'substanti', 'disrupt', 'transmiss', 'chain']"
42,1.3080002101324145e+18,1.3080002101324145e+18,2020-09-21,19:08:46,397966748.0,veloruntheworld,Ra,,"If you live in Singapore during this #Covid_19 , your phone browser will be full of this QR code safe entry ğŸ˜‚  https://t.co/bSzt9jcYom",en,[],[],['https://pbs.twimg.com/media/EibzQQFU0AAj032.jpg'],0.0,0.0,0.0,['covid_19'],https://twitter.com/VeloRuntheworld/status/1308000210132414465,1.0,[],"['would', 'thought', 'one', 'use', 'word', 'singapor', 'year']"
43,1.3078763782477169e+18,1.3078763782477169e+18,2020-09-21,10:56:42,830189893.0,khrlrfan,k.,,Iâ€™ll be putting my triple back tap for safe entry hahah so I donâ€™t panic everytime need scan ğŸ˜‚ğŸ˜©.,en,[],[],[],0.0,0.0,0.0,[],https://twitter.com/khrlrfan/status/1307876378247716864,0.0,[],"['safeentri', 'featur', 'insid', 'razer', 'pay', 'app', 'basic', 'qr', 'code', 'scanner', 'made', 'open', 'app', 'normal', 'would']"
44,1.3077036892687933e+18,1.3077036892687933e+18,2020-09-20,23:30:30,135715667.0,abasmayorrrr,Jet,,"Singapore friends, if you are using SingPass to scan SafeEntry QR codes (like I do) thereâ€™s a quicker way to do it. Thanks to iOS 14. ğŸ˜Š",en,[],[],[],0.0,0.0,0.0,[],https://twitter.com/abasmayorrrr/status/1307703689268793350,0.0,[],"['someon', 'better', 'remind', 'santa', 'face', 'mask', 'safeentri', 'qr', 'code', 'rush', 'kid', 'santa', 'quarantin', 'day', 'singapor']"
46,1.3076685764598292e+18,1.3076008325027062e+18,2020-09-20,21:10:58,34658787.0,grodog,Ongky,,@mrbrown Thanks! Added Scan SafeEntry to Back Tap.  I still leave the SafeEntry Check-in and Check-out in Shortcuts widget for now. #iOS14,en,[],[],[],0.0,0.0,1.0,['ios14'],https://twitter.com/grodog/status/1307668576459829250,0.0,"[{'screen_name': 'mrbrown', 'name': 'mrbrown', 'id': '574253'}]","['zucc', 'enter', 'restaur', 'wife', 'waiter', 'hello', 'miss', 'check', 'first', 'sir', 'pleas', 'complet', 'robot', 'test']"
47,1.306433618483589e+18,1.306433618483589e+18,2020-09-17,11:23:41,143667722.0,richardprayoga,Richard Prayoga,,Why there is SafeEntry but no SafeExit? ğŸ˜”,en,[],[],[],0.0,0.0,0.0,[],https://twitter.com/richardprayoga/status/1306433618483589121,0.0,[],"['hungri', 'ghost', 'got', 'ta', 'scan', 'enter', 'hous']"
48,1.30573463830059e+18,1.30573463830059e+18,2020-09-15,13:06:11,547592583.0,raktim076,raks,,Would you rather the government or your parents to spy on ur SafeEntry data?,en,[],[],[],0.0,0.0,0.0,[],https://twitter.com/raktim076/status/1305734638300590080,0.0,[],"['like', 'imagin', 'start', 'ask', 'question']"
49,1.305723940979921e+18,1.305723940979921e+18,2020-09-15,12:23:41,1482348127.0,mferrisn,M.Faris.N,,Dolby digital: All around you   Safe entry : lol,en,[],[],[],0.0,0.0,0.0,[],https://twitter.com/MFerrisN/status/1305723940979920896,0.0,[],"['whoever', 'impli', 'captcha', 'wait', 'guy', 'find', 'make', 'captcha', 'till', 'vomit']"
50,1.3044443643791852e+18,1.3044443643791852e+18,2020-09-11,23:39:06,46570604.0,vivianbala,Vivian Balakrishnan,,"There is always a transmission chain in a pandemic. The no. of people infected is directly related to how quickly we can identify and isolate new cases.  Digital tools like #TraceTogether &amp; SafeEntry help speed up contact tracing substantially, and disrupt the transmission chain.",en,[],[],[],7.0,7.0,27.0,['tracetogether'],https://twitter.com/VivianBala/status/1304444364379185152,0.0,[],"['wala', 'pa', 'ding', 'scan', 'bar', 'code', 'na', 'iniimpl', 'sa', 'mga', 'establish', 'dyan', 'one', 'way', 'effect', 'contract', 'trace', 'like', 'id', 'groceri', 'window', 'hour', 'vulner', 'individu', 'like', 'senior', 'citizen', 'kulang', 'talaga', 'sa', 'plan', 'bago', 'implement']"
51,1.3038952760678072e+18,1.3038945994006979e+18,2020-09-10,11:17:13,38179153.0,rezaprabowo,Reza Prabowo,,"Itâ€™s already mandatory to check in to SafeEntry to enter any venue. We can already do it with the app, or scanning our ID card. But people have privacy concerns with scanning the ID card. And itâ€™s difficult for senior citizens to use the app. Hence the FREE token.",en,[],[],[],1.0,0.0,0.0,[],https://twitter.com/rezaprabowo/status/1303895276067807233,0.0,[],"['qr', 'code', 'scanner', 'shortcut', 'trace', 'togeth']"
53,1.3019012712809718e+18,1.3019012712809718e+18,2020-09-04,23:13:45,1156727143.0,mfzli,ğŸ™,,who would have thought that â€œsafe entryâ€ will be one of most used words in Singapore this year...,en,[],[],[],0.0,0.0,0.0,[],https://twitter.com/mfzli/status/1301901271280971776,0.0,[],"['tekka', 'market', 'one', 'stupidest', 'concept']"
54,1.3010415937979392e+18,1.3010415937979392e+18,2020-09-02,14:17:42,68087176.0,bryanbma,Bryan Ma,,"There is a SafeEntry feature inside the Razer Pay app now. Basically just a QR code scanner, but it made me open the app more than I normally would've  https://t.co/T9sLrscAnN",en,[],[],['https://pbs.twimg.com/media/Eg46bxHUYAAq646.jpg'],0.0,0.0,0.0,[],https://twitter.com/bryanbma/status/1301041593797939200,1.0,[],"['audi', 'home', 'becam', 'take']"
55,1.3007061660377661e+18,1.3007061660377661e+18,2020-09-01,16:04:50,33981623.0,gariontan,Garion Tan,"{'type': 'Point', 'coordinates': [1.29306, 103.856]}","Someone better remind Santa about the face mask and SafeEntry QR Codes...  And no rush, kids.. Santa will be quarantined for 14 days....  #santaclaus #quarantine @ Singapore  https://t.co/f0qrs439gc",en,[],['https://www.instagram.com/p/CEliirDHo81/?igshid=gphxjh78rr8'],[],0.0,0.0,0.0,"['santaclaus', 'quarantine']",https://twitter.com/GarionTan/status/1300706166037766144,0.0,[],"['hey', 'spotti', 'connect', 'late', 'tri', 'scan', 'safeentri', 'sever', 'place', 'weekend', 'phone', 'drop', 'data', 'connect', 'noth', 'load', 'first', 'time', 'happen']"
56,1.2974919720480072e+18,1.2974919720480072e+18,2020-08-23,19:12:47,191399230.0,ikaknight_,Knighteo,"{'type': 'Point', 'coordinates': [1.3070059, 103.78829]}",Swarm is just social SafeEntry (@ Carl's Jr. in Singapore)  https://t.co/rxF1PE3YKn,en,[],['https://www.swarmapp.com/c/iWJTV3sYOtq'],[],0.0,0.0,0.0,[],https://twitter.com/IkaKnight_/status/1297491972048007168,0.0,[],"['thing', 'alreadi', 'pretti', 'normal', 'apart', 'mask', 'safeentri', 'number', 'realli', 'spike', 'either', 'perk', 'nation']"
57,1.2969909888800563e+18,1.296964755932889e+18,2020-08-22,10:02:03,1482348127.0,mferrisn,M.Faris.N,,"@ericrazali Zucc enters a restaurant with his wife.   Waiter: Hello Miss, can you do safe entry check in first? And for the YOU sir, please complete this â€œI am not a robot testâ€",en,[],[],[],1.0,0.0,1.0,[],https://twitter.com/MFerrisN/status/1296990988880056320,0.0,"[{'screen_name': 'ericrazali', 'name': 'Eric Yeager âš”ï¸', 'id': '103270359'}]","['overheard', 'dinner', 'town', 'bruh', 'safeentri', 'tab', 'open', 'porn', 'phone', 'sia']"
58,1.2957135074852086e+18,1.2957135074852086e+18,2020-08-18,21:25:48,1538421768.0,herniepotter,Ù‹,,hungry ghosts gotta scan safe entry b4 entering my house,en,[],[],[],0.0,0.0,1.0,[],https://twitter.com/herniepotter/status/1295713507485208576,0.0,[],"['resumpt', 'mass']"
59,1.294995556998103e+18,1.294995556998103e+18,2020-08-16,21:52:55,1482348127.0,mferrisn,M.Faris.N,,Itâ€™s like safe entry but imagine if it starts asking you questions,en,[],[],[],0.0,0.0,0.0,[],https://twitter.com/MFerrisN/status/1294995556998103040,0.0,[],"['resumpt', 'mass', 'church', 'st', 'bernadett', 'singapor']"
61,1.2935434068875674e+18,1.2935434068875674e+18,2020-08-12,21:42:35,7.193719171493396e+17,mongstreux,k1ll3rwhale_,,Whoever implied the captcha for #safeentry is waiting for the IT guys to find you and make you do captcha till you vomit!   #bodohpehkambing,en,[],[],[],0.0,0.0,0.0,"['safeentry', 'bodohpehkambing']",https://twitter.com/monGstreux/status/1293543406887567360,0.0,[],"['check', 'deposit', 'cash', 'uob', 'autolobbi', 'singapor']"
63,1.29004594017946e+18,1.2899523316775895e+18,2020-08-03,06:04:54,349566608.0,inoiyaika100473,Ruben M. Rocafort,,"@AaronAtayde Wala pa ding safe entry scan bar code na iniimplement sa mga establishment dyan? Its one way of effective contract tracing, its like no id, no entry. Groceries should have window hours for more vulnerable individuals like senior citizens.. kulang talaga sa planning bago implement",en,[],[],[],0.0,0.0,0.0,[],https://twitter.com/inoiyaika100473/status/1290045940179460096,0.0,"[{'screen_name': 'AaronAtayde', 'name': 'Aaron Atayde', 'id': '33557783'}]","['ask', 'custom', 'scan', 'safeentri', 'said', 'phone', 'camera', 'inactiv', 'everyon', 'phone', 'camera', 'bruhhhh', 'liter']"
64,1.289100115961983e+18,1.289100115961983e+18,2020-07-31,15:26:32,554278732.0,bsohsmallspaces,BB Loh,,Safe entry QR code scanner shortcut on Trace Together  https://t.co/YoUg5qUY9E,en,[],[],[],0.0,0.0,0.0,[],https://twitter.com/BSohSmallSpaces/status/1289100115961982978,1.0,[],"['restaur', 'open', 'happi', 'pack', 'takeaway', 'still', 'commit', 'ensur', 'well', 'custom', 'strict', 'prevent']"
65,1.2872359449033564e+18,1.2872359449033564e+18,2020-07-26,11:58:59,4664081.0,moby74,â“‚ï¸,,Too many uncleared safe entry tabs in Safari on my phone. #NewNormal,en,[],[],[],0.0,0.0,0.0,['newnormal'],https://twitter.com/moby74/status/1287235944903356417,0.0,[],"['cab', 'mandatori', 'govern', 'contact', 'trace', 'system']"
66,1.28644833988241e+18,1.28644833988241e+18,2020-07-24,07:49:19,1137097765.0,remo_siva,RÃ¨mo Sivaâ„¢ ğŸ˜,,Tekka market has one of the stupidest safe entry concept,en,[],[],[],0.0,0.0,1.0,[],https://twitter.com/remo_siva/status/1286448339882409985,0.0,[],"['took', 'temperatur', 'checkpoint', 'enter', 'mall', 'kiss', 'qr', 'code', 'forgot', 'check', 'togeth']"
67,1.2856470286352835e+18,1.2856470286352835e+18,2020-07-22,02:45:12,1226426708.0,siolzxc,haileyâ¹,,"THIS SO ME, THE AUDI WAS MY 2ND HOME before it became a safeentry/temp taking stationğŸ¤§",en,[],[],[],0.0,0.0,1.0,[],https://twitter.com/siolzxc/status/1285647028635283459,0.0,[],"['safeentri', 'tip', 'trick', 'creat', 'shortcut', 'use', 'singpass', 'app', 'like', 'pro', 'singapor']"
69,1.2850559310010819e+18,1.2850559310010819e+18,2020-07-20,11:36:23,20712985.0,tanandre,Andre,,"Hey @StarHubCares, whatâ€™s with the spotty 4G connection lately? Was trying to scan into SafeEntry at several places over the weekend and my phone just drops the data connection and nothing loads. Not the first time this happened",en,"[{'screen_name': 'starhubcares', 'name': 'starhub cares', 'id': '20901447'}]",[],[],1.0,0.0,1.0,[],https://twitter.com/tanandre/status/1285055931001081858,0.0,[],"['sick', 'tire', 'scan', 'qr', 'code']"
70,1.2848594115806085e+18,1.2848594115806085e+18,2020-07-19,22:35:29,38179153.0,rezaprabowo,Reza Prabowo,,"Things are already pretty normal here, apart from the mask and checking-in with SafeEntry. And the numbers doesnâ€™t really spike either. Perks of being a well-educated nation.",en,[],[],[],0.0,0.0,1.0,[],https://twitter.com/rezaprabowo/status/1284859411580608513,0.0,[],"['shop', 'longer', 'walk', 'park', 'even', 'phone', 'could', 'handl', 'number', 'safeentri', 'in', 'out', 'even', 'window', 'shop', 'brows', 'singapor']"
71,1.282667242132353e+18,1.282667242132353e+18,2020-07-13,21:24:35,56371299.0,nnxsri,nas,,overheard at dinner in town - â€œbruh I have more SafeEntry tabs open than porn on my phone siaâ€,en,[],[],[],0.0,7.0,13.0,[],https://twitter.com/nnxsri/status/1282667242132353027,0.0,[],"['new', 'thing', 'instantan', 'electron', 'temperatur', 'check', 'station', 'qr', 'code', 'scan', 'govern', 'site', 'log', 'exactli', 'enter', 'amp', 'leav', 'restaur', 'store', 'mall', 'etc', 'long', 'ji', 'one', 'fave', 'seafood', 'restaur']"
72,1.2819327463493181e+18,1.2819327463493181e+18,2020-07-11,20:45:58,2378489462.0,bernardlim108,Bernard Lim,"{'type': 'Point', 'coordinates': [1.29468329, 103.83038163]}",Resumption of masses #resumptionofmasses #catholic #catholicchurch #mass #holyeucharist #holycommunion #blessings #prayer #givethanks #holyspirit #covid19 #coronavirus #phase2 #socialdistancing #safeentryâ€¦  https://t.co/4HNWQebMcQ,en,[],['https://www.instagram.com/p/CCgJYV7HLiy/?igshid=eoe6to7jgzmw'],[],0.0,0.0,0.0,"['resumptionofmasses', 'catholic', 'catholicchurch', 'mass', 'holyeucharist', 'holycommunion', 'blessings', 'prayer', 'givethanks', 'holyspirit', 'covid19', 'coronavirus', 'phase2', 'socialdistancing', 'safeentry']",https://twitter.com/bernardlim108/status/1281932746349318150,0.0,[],"['temperatur', 'screen', 'termin', 'safeentri', 'enabl', 'id', 'card', 'basic', 'temperatur', 'scan', 'mask', 'detect', 'enhanc', 'temperatur', 'scan', 'mask', 'detect', 'safeentri', 'check', 'safeentri', 'check']"
73,1.281931173787312e+18,1.281931173787312e+18,2020-07-11,20:39:43,2378489462.0,bernardlim108,Bernard Lim,"{'type': 'Point', 'coordinates': [1.29468329, 103.83038163]}","Resumption of masses #massresumption #catholicchurch #catholic #covid19 #coronavirus #phase2 #socialdistancing #safeentry #holyeucharist #holycommunion #amen #prayer #blessings @ Church of St Bernadette, Singapore  https://t.co/bpX49gltx2",en,[],['https://www.instagram.com/p/CCgIqpZHBTO/?igshid=1ea3dnc4p92af'],[],0.0,0.0,0.0,"['massresumption', 'catholicchurch', 'catholic', 'covid19', 'coronavirus', 'phase2', 'socialdistancing', 'safeentry', 'holyeucharist', 'holycommunion', 'amen', 'prayer', 'blessings']",https://twitter.com/bernardlim108/status/1281931173787312128,0.0,[],"['make', 'check', 'everi', 'safeentri', 'jewel', 'changi', 'airport']"
74,1.2814898959915459e+18,1.2814898959915459e+18,2020-07-10,15:26:14,435833918.0,palonemun,malone,,Donâ€™t think Iâ€™ve ever checked out from the safe entry thing before,en,[],[],[],0.0,0.0,0.0,[],https://twitter.com/palonemun/status/1281489895991545856,0.0,[],"['normal', 'singpass', 'though', 'use', 'tracetogeth', 'ic', 'barcod', 'need', 'enter', 'scan', 'ic', 'certain', 'place', 'requir', 'implement', 'safeentri', 'nric', 'instead', 'qr']"
75,1.27955204231134e+18,1.27955204231134e+18,2020-07-05,07:05:54,127375084.0,jason_zircatan,Jason Tan,"{'type': 'Point', 'coordinates': [1.45040494, 103.82186165]}",Safe entry check in deposit cash (@ UOB Autolobby in Singapore)  https://t.co/3FwglFjApv,en,[],['https://www.swarmapp.com/c/jkQ4yQ8scoa'],[],0.0,0.0,0.0,[],https://twitter.com/Jason_ZircaTan/status/1279552042311340033,0.0,[],"['mean', 'safeentri', 'app', 'languag']"
76,1.278853137500078e+18,1.278853137500078e+18,2020-07-03,08:48:42,127375084.0,jason_zircatan,Jason Tan,"{'type': 'Point', 'coordinates': [1.46263315, 103.83901621]}","Safe entry check in (@ î€¶Jason Tan's Residenceî€¶ in Singapore, î®î”°î…™î°î¯)  https://t.co/ukHAqLRpPj",en,[],['https://www.swarmapp.com/c/3LNAieVOYcb'],[],0.0,0.0,0.0,[],https://twitter.com/Jason_ZircaTan/status/1278853137500078080,0.0,[],"['safeentri', 'support', 'languag', 'senior', 'use', 'call', 'nation', 'digit', 'check', 'system', 'english']"
77,1.2785574931954524e+18,1.2785574931954524e+18,2020-07-02,13:13:55,1415496282.0,marcyyxx12,ğ“‚ğ’¶ğ“‡ğ’¸ğ“â¥,,When you asks customer to scan the safeEntry and they said the phone camera is inactivate and not everyone have the phone camera. BRUHHHH! Itâ€™s literally 2020 ğŸ¤·ğŸ»â€â™€ï¸,en,[],[],[],0.0,0.0,0.0,[],https://twitter.com/Marcyyxx12/status/1278557493195452416,0.0,[],"['contact', 'less', 'deliveri', 'cash', 'less', 'payment', 'checkin', 'new', 'normal', 'singapor', 'one', 'stop', 'checkin', 'checkout', 'api', 'use', 'everi', 'singl', 'shop', 'restaur', 'mall', 'busi', 'easi', 'contact', 'trace']"
78,1.2783126844176794e+18,1.2783126844176794e+18,2020-07-01,21:01:08,7.514796015331041e+17,_laforketta,_laforketta,"{'type': 'Point', 'coordinates': [1.30333111, 103.8101924]}",Safe entry check-in  / / Our restaurant is open now for dine-in but we are happy to pack for takeaway.  We are still committed to ensuring the well being of our customers and co-workers. Strict preventive measuresâ€¦  https://t.co/3VBh7qKwPq,en,[],['https://www.instagram.com/p/CCGbKxRnWiL/?igshid=1ugx289tc0opu'],[],0.0,0.0,0.0,[],https://twitter.com/_laforketta/status/1278312684417679368,0.0,[],"['hello', 'phase', 'open', 'time', 'check', 'govern', 'app', 'fill', 'declar', 'health', 'get', 'temp', 'sanit', 'let', 'thorough', 'amp', 'effici']"
79,1.2782401800008376e+18,1.2782401800008376e+18,2020-07-01,16:13:02,18618770.0,cheryltan88,Cheryl Lu-Lien Tan,,"In #Singapore #taxi cabs, mandatory check-ins to the governmentâ€™s #SafeEntry contact tracing system. #covidlife #coronavirus #sglife #taxicab #covid_19 #covid19  https://t.co/fNOgAVlBKI",en,[],[],['https://pbs.twimg.com/media/Eb04qFbVcAAqjZk.jpg'],0.0,1.0,0.0,"['singapore', 'taxi', 'safeentry', 'covidlife', 'coronavirus', 'sglife', 'taxicab', 'covid_19', 'covid19']",https://twitter.com/cheryltan88/status/1278240180000837632,1.0,[],"['physio', 'session', 'featur', 'signag', 'around', 'rehab', 'amp', 'beyond', 'corecollectivesg', 'dempsey']"
80,1.2775137235407217e+18,1.2775137235407217e+18,2020-06-29,16:06:21,2841884064.0,1337empire,long live the empire inbred alex g,,"What if we,,, took our temperature... at the checkpoint ğŸ¤”ğŸ¤”ğŸ‘€ğŸ‘€ before  we entered the mall ğŸ˜³ğŸ˜³... what if we,,, kissed by the,, safe entry qr code,,, ğŸ‘€ ğŸ‘€ and forgot to,, check out,, together ğŸ˜šğŸ˜š",en,[],[],[],0.0,4.0,10.0,[],https://twitter.com/1337empire/status/1277513723540721664,0.0,[],"['even', 'tho', 'phase', 'rememb', 'take', 'precautionari', 'measur', 'friend', 'forget', 'wherev', 'go', 'wear', 'mask', 'time']"
81,1.2774717095584317e+18,1.2774717095584317e+18,2020-06-29,13:19:24,2240421060.0,theshutterwhale,Mark Chua,"{'type': 'Point', 'coordinates': [1.2800945, 103.8509491]}",SafeEntry Tips and Tricks - How to Create Shortcuts and Use the SingPass App Like a Pro in Singapore   https://t.co/sJpg4FOGNq  #singapore #news #sgnews #safeentry #guide #tips #safedistancing #socialdistancing,en,[],['https://theshutterwhale.com/blog/2020/6/29/safeentry-tips-and-tricks-how-to-create-shortcuts-and-use-the-singpass-app-like-a-pro-in-singapore'],[],0.0,0.0,0.0,"['singapore', 'news', 'sgnews', 'safeentry', 'guide', 'tips', 'safedistancing', 'socialdistancing']",https://twitter.com/theshutterwhale/status/1277471709558431744,0.0,[],"['welcom', 'back', 'reopen', 'look', 'forward', 'see', 'everyon', 'soon', 'due', 'current', 'situat', 'requir', 'custom', 'scan', 'qr', 'code', 'ensur', 'pleas', 'follow', 'us', 'social', 'media', 'fb', 'ig']"
82,1.2774026626783928e+18,1.2774026626783928e+18,2020-06-29,08:45:02,1.0424291177973023e+18,sgpseudoscops,Pseudoscops,"{'type': 'Point', 'coordinates': [1.28415561, 103.84354055]}",All visitors will need to pass through #Therma and get #OneScan to register their information and check-in with #SafeEntry in a seamless step. @ Pseudoscops  https://t.co/2h66sFkLIj,en,[],['https://www.instagram.com/p/CB_9VvZnHDJ/?igshid=1q132ce8gypyh'],[],0.0,0.0,0.0,"['therma', 'onescan', 'safeentry']",https://twitter.com/SGPseudoscops/status/1277402662678392832,0.0,[],"['definit', 'feel', 'safer', 'given', 'safeentri', 'trace', 'togeth', 'app', 'scare', 'asymptomat']"
84,1.2769194792350433e+18,1.2769194792350433e+18,2020-06-28,00:45:02,380109220.0,pl0lolop,Wayne,,I am SICK AND TIRED of scanning safe entry qr codes,en,[],[],[],0.0,6.0,3.0,[],https://twitter.com/pl0lolop/status/1276919479235043330,0.0,[],"['check', 'jason', 'tan', 'resid', 'singapor']"
85,1.2764476197164687e+18,1.2764476197164687e+18,2020-06-26,17:30:02,502625563.0,r_tham,Raymond Tham,"{'type': 'Point', 'coordinates': [1.29306, 103.856]}",Shopping is no longer a walk in the park... Even my phone couldn't handle the number of SafeEntry ins and outs!  (I was not even window shopping or browsing) #safeentry #sgunited @ Singapore  https://t.co/gKdAY4EmO3,en,[],['https://www.instagram.com/p/CB5LCPSnrhJZJ2SVo_2_p81yANVQyjx-K_MMyc0/?igshid=nnh40yvkv31p'],[],0.0,0.0,0.0,"['safeentry', 'sgunited']",https://twitter.com/r_tham/status/1276447619716468736,0.0,[],"['thermal', 'imag', 'mask', 'recognit', 'temperatur', 'detect', 'staff', 'amp', 'visitor', 'check', 'check', 'link', 'safeentri', 'mobil', 'via', 'qr', 'code', 'use', 'nric', 'work', 'permit', 'scan', 'enquiri']"
86,1.2762033823534858e+18,1.2762033823534858e+18,2020-06-26,01:19:31,18618770.0,cheryltan88,Cheryl Lu-Lien Tan,,"The new thing â€” the instantaneous electronic temperature check station with the QR code to scan into the #Singapore governmentâ€™s #SafeEntry site so you can log exactly when you enter &amp; leave a restaurant, store, mall, etc. This was at Long Ji, one of my fave seafood restaurants.  https://t.co/9hdHLy0yrF",en,[],[],"['https://pbs.twimg.com/media/EbX8MinU8AIcnOj.jpg', 'https://pbs.twimg.com/media/EbX8MimUMAUT3TI.jpg', 'https://pbs.twimg.com/media/EbX8MipU8AA4aDW.jpg']",0.0,0.0,2.0,"['singapore', 'safeentry']",https://twitter.com/cheryltan88/status/1276203382353485825,1.0,[],"['love', 'pupil', 'facial', 'recognit', 'infrar', 'thermomet', 'devic', 'fight']"
89,1.2757268176940073e+18,1.2757268176940073e+18,2020-06-24,17:45:49,338385163.0,memphis0935,memphis,"{'type': 'Point', 'coordinates': [1.28473, 103.83245]}","Safe-N3 Temperature Screening Terminal with SafeEntry enabled by ID Card Basic ( Temperature Scanning, Mask Detection ) Enhanced ( Temperature Scanning, Mask Detection, SafeEntry Check In, SafeEntry Check Outâ€¦  https://t.co/X5y53Xb6Tg",en,[],['https://www.instagram.com/p/CB0DQGzH3hm/?igshid=q4i03gkz56zh'],[],0.0,1.0,0.0,[],https://twitter.com/memphis0935/status/1275726817694007297,0.0,[],"['oooh', 'latest', 'releas', 'tracetogeth', 'includ', 'safeentri', 'well', 'count', 'user', 'detect', 'today', 'could', 'find', 'anyth', 'releas', 'note', 'whether', 'use', 'appl', 'googl', 'new', 'exposur', 'notif', 'api', 'though']"
90,1.2754538995083428e+18,1.2754538995083428e+18,2020-06-23,23:41:21,30201383.0,aniqabd,Aniq Hilman,"{'type': 'Point', 'coordinates': [1.36025, 103.9892799]}",She makes me check out at every SafeEntry @ Jewel Changi Airport  https://t.co/2cmczbBvFW,en,[],['https://www.instagram.com/p/CByHJDJn7DbdXh4divafD0_zYuSB_OfAH7Xe_I0/?igshid=7924f8bno4'],[],0.0,0.0,0.0,[],https://twitter.com/Aniqabd/status/1275453899508342787,0.0,[],"['uniview', 'unv', 'integr', 'temperatur', 'measur', 'system', 'safeentri', 'enquiri', 'share', 'friend', 'whoi', 'need', 'tiong', 'bahru', 'market']"
91,1.275298155760771e+18,1.275267390066946e+18,2020-06-23,13:22:28,363494868.0,arvintunas,Tunas Harapan Bangsa Dan Negara Federal Republik,,"@daphnemaia @ofmeowandbake Normally Singpass, though I will use the tracetogether IC barcode for those need to enter by scanning IC. Certain places are required to implement the SafeEntry NRIC instead the QR.",en,[],[],[],0.0,0.0,1.0,[],https://twitter.com/ArvinTunas/status/1275298155760771072,0.0,"[{'screen_name': 'daphnemaia', 'name': 'Daphne Maia', 'id': '6988732'}, {'screen_name': 'ofmeowandbake', 'name': 'The death of a million is just a statistic', 'id': '815066809'}]","['dahua', 'access', 'control', 'temperatur', 'monitor', 'termin', 'safeentri', 'enabl', 'via', 'qr', 'code', 'enquiri', 'tiong', 'bahru', 'market']"
92,1.2752518880661463e+18,1.275242130911359e+18,2020-06-23,10:18:37,141241551.0,raymond936,Raymond,,"I mean the SafeEntry app, should have 4 languages",en,[],[],[],0.0,0.0,0.0,[],https://twitter.com/Raymond936/status/1275251888066146305,0.0,[],"['scan', 'safeentri', 'contact', 'trace', 'purpos', 'part', 'singapor', 'wealthi', 'economi', 'despit', 'fortitud', 'budget', 'implement', 'use', 'lot', 'busi']"
93,1.275242130911359e+18,1.275242130911359e+18,2020-06-23,09:39:51,141241551.0,raymond936,Raymond,,SafeEntry should support 4 languages for the seniors to use. So called the National Digital Check In System but only English??? #govtech #smartnation #SGUnited #safeentry @GovTechSG @IMDAsg @govsingapore,en,"[{'screen_name': 'govtechsg', 'name': 'govtech (singapore)', 'id': '123167035'}, {'screen_name': 'imdasg', 'name': 'imda singapore', 'id': '66555688'}, {'screen_name': 'govsingapore', 'name': 'singapore government', 'id': '56883209'}]",[],[],2.0,0.0,1.0,"['govtech', 'smartnation', 'sgunited', 'safeentry']",https://twitter.com/Raymond936/status/1275242130911358977,0.0,[],"['smartz', 'safeentri', 'enabl', 'via', 'qr', 'code', 'enquiri', 'tiong', 'bahru', 'market']"
94,1.2743195070838129e+18,1.2743195070838129e+18,2020-06-20,20:33:40,324820259.0,vaibhavidesai,Vaibhavi Desai,,"Contact less delivery + Cash less payment + Safe entry checkin* = New normal   *Safe entry is Singaporeâ€™s one stop checkin / checkout API to be used at every single shop, restaurant, mall, business for easy contact tracing.  #PostLockdownScenes #COVID19 #Singapore  https://t.co/JruZBvaDzh",en,[],[],['https://pbs.twimg.com/media/Ea9K0hVVAAczFL0.jpg'],0.0,0.0,13.0,"['postlockdownscenes', 'covid19', 'singapore']",https://twitter.com/VaibhaviDesai/status/1274319507083812869,1.0,[],"['know', 'actual', 'save', 'place', 'frequent', 'save', 'hassl', 'scan', 'everytim', 'use', 'edg', 'android', 'exampl', 'work', 'across', 'browser', 'amp', 'os']"
95,1.274256307231404e+18,1.274256307231404e+18,2020-06-20,16:22:32,18618770.0,cheryltan88,Cheryl Lu-Lien Tan,,"Hello, Phase 2 of openings in #Singapore. 1st #pedicure in #Covid times â€” I had to check in with the #Singapore government #SafeEntry #contacttracing app, fill out a Declaration of Health, get temp checked+hands sanitized before they let me in. All very thorough &amp; efficient. ğŸ’ªğŸ‡¸ğŸ‡¬  https://t.co/yMAVPw7A25",en,[],[],"['https://pbs.twimg.com/media/Ea8RVRCUwAEl20P.jpg', 'https://pbs.twimg.com/media/Ea8RVRDUwAEJygl.jpg', 'https://pbs.twimg.com/media/Ea8RVRDU8AIPQ7J.jpg']",0.0,0.0,2.0,"['singapore', 'pedicure', 'covid', 'singapore', 'safeentry', 'contacttracing']",https://twitter.com/cheryltan88/status/1274256307231404032,1.0,[],"['highli', 'encourag', 'use', 'safeentri', 'qr', 'code', 'upon', 'commut', 'sampl', 'poster', 'found', 'jurong', 'east', 'station', 'jurong', 'east', 'singapor']"
96,1.2739154223169208e+18,1.2739154223169208e+18,2020-06-19,17:47:59,3186369068.0,jlim_junhong,Jaden Lim (jaden.physio),"{'type': 'Point', 'coordinates': [1.30359, 103.81166]}","PHYSIO IN SESSION NOW!  Featuring more signages around Rehab &amp; Beyond (@gobeyondrehab), here at corecollectivesg Dempsey  #GoBeyondRehab #CoreCollectiveSG #physiotherapy #safedistancing #safeentry #rehabâ€¦  https://t.co/qilJw0Jc87",en,"[{'screen_name': 'gobeyondrehab', 'name': 'rehab & beyond', 'id': '1011604225929998336'}]",['https://www.instagram.com/p/CBnLhhHn2Kw/?igshid=1ms51xykercby'],[],0.0,0.0,0.0,"['gobeyondrehab', 'corecollectivesg', 'physiotherapy', 'safedistancing', 'safeentry', 'rehab']",https://twitter.com/JLim_Junhong/status/1273915422316920832,0.0,[],"['anyon', 'monitor', 'safeentri', 'probabl', 'wonder', 'went', 'shengsiong', 'time', 'ntuc', 'time', 'day', 'brown', 'sugar', 'sea', 'salt', 'milk', 'lo', 'stock']"
97,1.2737447279263867e+18,1.2737447279263867e+18,2020-06-19,06:29:42,134719988.0,muhdmirza160194,Ù…Ø­Ù…Ø¯ Ù…ÙŠØ±Ø²Ø§,,"Even tho Phase 2 have re-open, remember to take precautionary measures friends and donâ€™t forget to do safe entry wherever you go! Be safe and wear mask at all times ğŸ˜ŒâœŒğŸ»",en,[],[],[],0.0,1.0,0.0,[],https://twitter.com/muhdmirza160194/status/1273744727926386688,0.0,[],"['use', 'safeentri', 'today', 'seamless', 'experi', 'work', 'better', 'singpass', 'app', 'instead', 'scan', 'qr', 'code', 'phone', 'camera']"
98,1.273660692105556e+18,1.273660692105556e+18,2020-06-19,00:55:47,1.266777212184703e+18,my_cwp,mygirlsvlog_cwp,,"#åº†ç¥ç¾ä¸šå¼€å·¥å•¦ Welcome Back Reopening 19/6ğŸ¥³ğŸ¥³ğŸ¥³ Looking forward to see everyone soon   Due to the current COVID-19 situation, we require all customers to scan QR code to ensure safe entry.   Please follow us on social mediağŸ‘‡ Fb: @mygirlsvlog.cwp Ig: @mygirlsvlog_cwp  https://t.co/rfSSv2yutk",en,[],[],[],0.0,0.0,0.0,['åº†ç¥ç¾ä¸šå¼€å·¥å•¦'],https://twitter.com/my_cwp/status/1273660692105555970,1.0,[],"['adher', 'altern', 'work', 'bay', 'spilt', 'team', 'conjunct', 'temperatur', 'screen', 'safeentri', 'deploy', 'facil', 'sanit', 'measur', 'circuit', 'breaker', 'period', 'keep', 'client', 'employe']"
99,1.2732006275736412e+18,1.2732006259210445e+18,2020-06-17,18:27:39,40859142.0,fafuierice,Fafui,,I definitely feel safer given the SafeEntry and Trace Together app but then... Iâ€™m scared of the asymptomatics ğŸ˜…,en,[],[],[],0.0,0.0,0.0,[],https://twitter.com/fafuierice/status/1273200627573641216,0.0,[],"['mcdonald', 'safeti', 'first', 'temperatur', 'wastaken', 'point', 'need', 'scan', 'safeentri', 'qr', 'code', 'perform', 'get', 'collect', 'need', 'miss']"
100,1.2725113456199598e+18,1.272510421136597e+18,2020-06-15,20:48:41,38637581.0,basilyeo,Basil Yeo,,@limmingji Donâ€™t forget to use Safe Entry,en,[],[],[],0.0,0.0,1.0,[],https://twitter.com/basilyeo/status/1272511345619959810,0.0,"[{'screen_name': 'limmingji', 'name': 'Wyatt Mingji Lim (WalkingProblem)', 'id': '21274277'}]","['part', 'circuit', 'breaker', 'measur', 'mandatori', 'deploy', 'safeentri', 'system', 'log', 'employe', 'visitor']"
101,1.271964521083568e+18,1.271964521083568e+18,2020-06-14,08:35:48,127375084.0,jason_zircatan,Jason Tan,"{'type': 'Point', 'coordinates': [1.46263315, 103.83901621]}","Safe Entry Check In (@ î€¶Jason Tan's Residenceî€¶ in Singapore, î®î”°î…™î°î¯)  https://t.co/AEXenfLfwY",en,[],['https://www.swarmapp.com/c/ioOIRkqOqQw'],[],0.0,0.0,0.0,[],https://twitter.com/Jason_ZircaTan/status/1271964521083568129,0.0,[],"['first', 'safeentri', 'pass', 'check', 'smooth', 'sure', 'need', 'consent', 'give', 'info', 'foodi', 'market', 'gov', 'ok']"
102,1.2705916664545157e+18,1.2705916664545157e+18,2020-06-10,13:40:34,338385163.0,memphis0935,memphis,"{'type': 'Point', 'coordinates': [1.28473, 103.83245]}",Thermal Imaging Mask Recognition Long-distance Temperature Detection Staff &amp; Visitor Check in and Check out link with SafeEntry  No more Mobile via QR Code Use NRIC or Working Permit to scan â˜ï¸ 98431612 for enquiry @â€¦  https://t.co/pqp7c10Naa,en,[],['https://www.instagram.com/p/CBPkDX5nm2Z/?igshid=o1ufn2bws0zo'],[],0.0,0.0,0.0,[],https://twitter.com/memphis0935/status/1270591666454515716,0.0,[],"['includ', 'instructor', 'trainer', 'regul', 'venu', 'ensur', 'distanc', 'among', 'visitor']"
103,1.269458590915416e+18,1.269458590915416e+18,2020-06-07,10:38:08,9.2857132054716e+17,jleesingapore,Jlee International,,#SafeENTRY for all our loved Pupil. Facial Recognition + Infrared Thermometer Device to fight COVID-19 #SGUnited #COVID19  https://t.co/fdj0mUDmqb  https://t.co/JpxQNrClKx,en,[],[],[],0.0,1.0,1.0,"['safeentry', 'sgunited', 'covid19']",https://twitter.com/jleeSingapore/status/1269458590915416064,1.0,[],
104,1.269052433000325e+18,1.2688446443909325e+18,2020-06-06,07:44:12,68087176.0,bryanbma,Bryan Ma,,@karlieeuh It is decentralized though. Are you thinking of SafeEntry instead?,en,[],[],[],0.0,0.0,0.0,[],https://twitter.com/bryanbma/status/1269052433000325120,0.0,"[{'screen_name': 'karlieeuh', 'name': 'Opiniated Charles', 'id': '35972618'}]",
105,1.268741703759999e+18,1.268741703759999e+18,2020-06-05,11:09:28,1.2653628133141873e+18,isoconsultantsg,ISO Consultants Pte. Ltd.,"{'type': 'Point', 'coordinates': [1.27587, 103.84589]}",SafeEntry measures.  Check in &amp; Check out for contact tracing.  1. Scan via barcode 2. Select  CI / CO option 3. Enter details 4. Generate SafeEntry pass  #safeentry #covid19 #controlmeasures #sgunited @ ISOâ€¦  https://t.co/sStbIMU3Ij,en,[],['https://www.instagram.com/p/CBCayXyB8fW/?igshid=1v3xw7skpyh5g'],[],0.0,0.0,0.0,"['safeentry', 'covid19', 'controlmeasures', 'sgunited']",https://twitter.com/ISOConsultantSg/status/1268741703759998977,0.0,[],
106,1.268427987474473e+18,1.268427987474473e+18,2020-06-04,14:22:53,68087176.0,bryanbma,Bryan Ma,,"Oooh, the latest release of TraceTogether includes SafeEntry check-in as well as a count of other users detected today. Couldn't find anything in the release notes about whether it's using Apple | Google's new Exposure Notification APIs though  https://t.co/2lwskMuUY7",en,[],[],['https://pbs.twimg.com/media/EZpchyMUEAEK68q.jpg'],0.0,1.0,2.0,[],https://twitter.com/bryanbma/status/1268427987474472960,1.0,[],
107,1.2681479459894395e+18,1.2681479459894395e+18,2020-06-03,19:50:06,338385163.0,memphis0935,memphis,"{'type': 'Point', 'coordinates': [1.28473, 103.83245]}",UNIVIEW UNV CW-180 Integrated Temperature Measurement System + SafeEntry  â˜ï¸ 98431612 for enquiry Share it to friends Whois need @ Tiong Bahru Market  https://t.co/JQw9WBshMR,en,[],['https://www.instagram.com/p/CA-MwFdndq0/?igshid=pvt52u3f8xlw'],[],0.0,0.0,0.0,[],https://twitter.com/memphis0935/status/1268147945989439488,0.0,[],
108,1.267798249521496e+18,1.267798249521496e+18,2020-06-02,20:40:31,338385163.0,memphis0935,memphis,"{'type': 'Point', 'coordinates': [1.28473, 103.83245]}",Dahua Access Control and Temperature Monitoring Terminal SafeEntry enabled via QR code â˜ï¸ 98431612 for your enquiry @ Tiong Bahru Market  https://t.co/2sNUZ3wKDs,en,[],['https://www.instagram.com/p/CA7twVwnUBA/?igshid=1s2nu3bw80u9i'],[],0.0,0.0,0.0,[],https://twitter.com/memphis0935/status/1267798249521496064,0.0,[],
109,1.2676066699718164e+18,1.2676066699718164e+18,2020-06-02,07:59:15,574389856.0,justintanwc,Justin Tan Wen Cong,"{'type': 'Point', 'coordinates': [1.28945022, 103.81687987]}",Just scan SafeEntry for #Coronavirus contact tracing purposes as part of the safe re-opening of Singapore's wealthy economy despite Fortitude Budget is implemented in use on lots of business re-opening at a laterâ€¦  https://t.co/dIIcF55OGG,en,[],['https://www.instagram.com/p/CA6WosFAKf4/?igshid=1rq9f1q4h00qp'],[],0.0,0.0,0.0,['coronavirus'],https://twitter.com/justintanwc/status/1267606669971816449,0.0,[],
110,1.2673835866526433e+18,1.2673835866526433e+18,2020-06-01,17:12:48,338385163.0,memphis0935,memphis,"{'type': 'Point', 'coordinates': [1.28473, 103.83245]}",SmartZ FaceReco+ SafeEntry enabled via QR code     â˜ï¸ 98431612 for enquiry @ Tiong Bahru Market  https://t.co/7HtZfp408X,en,[],['https://www.instagram.com/p/CA4xMGSHkwa/?igshid=1iclrumrt15e2'],[],0.0,0.0,0.0,[],https://twitter.com/memphis0935/status/1267383586652643329,0.0,[],
111,1.265235878835712e+18,1.265235878835712e+18,2020-05-26,18:58:35,24555731.0,speedknight,Han Siang WONG,"{'type': 'Point', 'coordinates': [1.29306, 103.856]}","Did you know? You can actually save the places you frequent for #safeentry, saving you the hassle of having to scan everytime? I am using Edge on android as example but this works across all browsers &amp; OS. Googleâ€¦  https://t.co/phflUU9xXC",en,[],['https://www.instagram.com/p/CApghcAhZyJ/?igshid=1hwj46qzvlxep'],[],0.0,0.0,0.0,['safeentry'],https://twitter.com/speedknight/status/1265235878835712000,0.0,[],
112,1.265076288697643e+18,1.265076288697643e+18,2020-05-26,08:24:25,9.328388121195274e+17,mrtsginfo,MRT Singapore Service Information,"{'type': 'Point', 'coordinates': [1.3337946, 103.74159156]}","You are highly encouraged to use the SafeEntry QR Code, for check-in upon your commute. Hereâ€™s a sample of the poster, found at Jurong East Station. @ Jurong East, Singapore  https://t.co/MUZgUnPQdl",en,[],['https://www.instagram.com/p/CAoX8w9H2RP/?igshid=1n2q7iphu738w'],[],0.0,0.0,1.0,[],https://twitter.com/mrtsginfo/status/1265076288697643009,0.0,[],
113,1.2645000491966423e+18,1.2645000491966423e+18,2020-05-24,18:14:39,70879081.0,ecownomics,Minion Mike,"{'type': 'Point', 'coordinates': [1.43, 103.77]}",If anyone is monitoring the safeentry check-in/out they'd probably be wondering why I went to shengsiong 4 times and ntuc 1 time these 2 days. It's the brown sugar sea salt milk lo... No stock...,en,[],[],[],1.0,0.0,0.0,[],https://twitter.com/ecownomics/status/1264500049196642305,0.0,[],
114,1.2626632257173463e+18,1.2626632257173463e+18,2020-05-19,16:35:46,19328671.0,upgundecha,Unmesh Gundecha,,I used SafeEntry today and it was seamless experience.  Works better with SingPass app instead of scanning QR code from phone camera.,en,[],[],[],0.0,0.0,1.0,[],https://twitter.com/upgundecha/status/1262663225717346304,0.0,[],
115,1.2626265899734753e+18,1.2626265899734753e+18,2020-05-19,14:10:12,4397572759.0,m_edgevantage,Motor EDGEvantage,,"Adhering to safe-distancing with alternate work bays and spilt teams in conjunction with temperature screening, SafeEntry deployment and facilities sanitation measures during this circuit breaker period to keep our clients and employees safe.  #MotorEdgevantage #SafeEntry  https://t.co/atE0uQzmCL",en,[],[],['https://pbs.twimg.com/media/EYXALnnVcAIoinh.jpg'],0.0,0.0,0.0,"['motoredgevantage', 'safeentry']",https://twitter.com/m_edgevantage/status/1262626589973475333,1.0,[],
116,1.2607914297706783e+18,1.2607914297706783e+18,2020-05-14,12:37:55,170290373.0,miraclegurugal,Agnes Tâ™¥,"{'type': 'Point', 'coordinates': [1.33212948, 103.91371093]}","At McDonald's we do it all for you. Safety first, temperature wastaken at entry point. We need to scan the SafeEntry QR code and perform a check-in to get in. After collection, we need to check-out. ğŸ˜ . Missed myâ€¦  https://t.co/UXq2j1G2Ev",en,[],['https://www.instagram.com/p/CAJ7a9mjEhX/?igshid=1srpos20r6wmz'],[],0.0,0.0,0.0,[],https://twitter.com/MiracleGuruGal/status/1260791429770678273,0.0,[],
117,1.257486447650562e+18,1.257486447650562e+18,2020-05-05,09:45:06,4397572759.0,m_edgevantage,Motor EDGEvantage,,"As part of the circuit breaker measures, it is mandatory to deploy SafeEntry system to log the check-in and check-out of employees and visitors.  #MotorEdgevantage #JaguarWorkshop #LandRoverWorkshop #PorscheWorkshop #VolvoWorkshop #covid19 #safeentry   https://t.co/O3QCZP5kxA  https://t.co/uHNiiWsYqs",en,[],['https://edgevantage.com.sg/our-team/'],['https://pbs.twimg.com/media/EXN9P8NUYAAFWDX.jpg'],0.0,0.0,0.0,"['motoredgevantage', 'jaguarworkshop', 'landroverworkshop', 'porscheworkshop', 'volvoworkshop', 'covid19', 'safeentry']",https://twitter.com/m_edgevantage/status/1257486447650562050,1.0,[],
118,1.256501264940032e+18,1.256501264940032e+18,2020-05-02,16:30:20,14742294.0,kaihendry,Kai Hendry ğŸ‡¸ğŸ‡¬,"{'type': 'Point', 'coordinates': [1.30607033, 103.89598062]}","Did my first SafeEntry Pass check in with #singpass... smooth ğŸ‘ Not sure why I need to consent to give my info to Foodie market and not the gov, but ok ğŸ¤·â€â™‚ï¸  https://t.co/9rb01XmP3k",en,[],[],['https://pbs.twimg.com/media/EW_9NY4UMAII3Rm.jpg'],1.0,0.0,2.0,['singpass'],https://twitter.com/kaihendry/status/1256501264940032001,1.0,[],
120,1.2431792935484908e+18,1.2431780842593812e+18,2020-03-26,22:13:35,327197191.0,sgsportshub,Singapore Sports Hub,,(including instructor or trainer) and regulating entry into the venue to ensure safe distancing among all visitors.,en,[],[],[],0.0,0.0,0.0,[],https://twitter.com/SGSportsHub/status/1243179293548490752,0.0,[],
