,id,conversation_id,date,time,user_id,username,name,place,tweet,language,mentions,urls,photos,replies_count,retweets_count,likes_count,hashtags,link,video,reply_to,processed_text,demojize_text
0,1341790981817974787,1341729238819323906,2020-12-24,01:01:13,97009642,nubu515,NUBU@„Éû„É¨„Éº„Ç∑„Ç¢ÔΩûüá≤üáæüíã‚òÄÔ∏è,,@mobile_ameryu I forgot. Watching Home Stay without notice FB üòÖüòÖ,en,[],[],[],0,0,0,[],https://twitter.com/nubu515/status/1341790981817974787,0,[],"['forgot', 'watch', 'home', 'stay', 'without', 'notic', 'fb']",@mobile_ameryu I forgot. Watching Home Stay without notice FB :grinning_face_with_sweat::grinning_face_with_sweat:
1,1337328549766696961,1337285701558095872,2020-12-11,17:29:07,965338389644914688,9plus11,charpyqe,,"@C0MRAD3NlC Stay home notice, basically if you came back from overseas you gotta stay home for 2 weeks",en,[],[],[],1,0,1,[],https://twitter.com/9plus11/status/1337328549766696961,0,[],"['stay', 'home', 'notic', 'basic', 'came', 'back', 'oversea', 'got', 'ta', 'stay', 'home', 'week']","@C0MRAD3NlC Stay home notice, basically if you came back from overseas you gotta stay home for 2 weeks"
2,1332548309496586240,1332543881913708544,2020-11-28,12:54:09,816398136847597569,sarcasticlibra8,Kris-T,,@razamataz63 Maybe see if #Days announces anything this weekend. But the cast is on break anyway right now so they just may extend the break to coincide with the new stricter stay home notice,en,[],[],[],0,0,1,['days'],https://twitter.com/SarcasticLibra8/status/1332548309496586240,0,"[{'screen_name': 'razamataz63', 'name': '‚è≥Kelly‚åõÔ∏è', 'id': '1083922352'}]","['mayb', 'see', 'announc', 'anyth', 'weekend', 'cast', 'break', 'anyway', 'right', 'may', 'extend', 'break', 'coincid', 'new', 'stricter', 'stay', 'home', 'notic']",@razamataz63 Maybe see if #Days announces anything this weekend. But the cast is on break anyway right now so they just may extend the break to coincide with the new stricter stay home notice
3,1329782325543018497,1329782325543018497,2020-11-20,21:43:07,266481056,margrietvonno,NLambasSingapore,,Sinterklaas has finished his Stay At Home Notice at the Dutch residence in Singapore. Together with my Belgian colleague I had the privilege of sharing our first pepernoten of 2020. Sint and his Pieten are back even in our Covid-19 year.  https://t.co/fVGKiTT2Pv,en,[],[],['https://pbs.twimg.com/media/EnRV-T9VQAcWiPC.jpg'],1,0,36,[],https://twitter.com/MargrietVonno/status/1329782325543018497,1,[],"['sinterklaa', 'finish', 'stay', 'home', 'notic', 'dutch', 'resid', 'singapor', 'togeth', 'belgian', 'colleagu', 'privileg', 'share', 'first', 'pepernoten', 'sint', 'pieten', 'back', 'even', 'year']",Sinterklaas has finished his Stay At Home Notice at the Dutch residence in Singapore. Together with my Belgian colleague I had the privilege of sharing our first pepernoten of 2020. Sint and his Pieten are back even in our Covid-19 year.  https://t.co/fVGKiTT2Pv
4,1316387412822560769,1316387412822560769,2020-10-14,22:36:31,2173945244,hyewonii_,Hyewon Hwang,,Today is Day-12 of my stay home notice at JWmarriott. MOH called me and said I am issued with quarantine order because there was a positive case on my flight from Seoul. They transferred me to government facility and here I‚Äôm with a tracking wristband at Sofitel. What a dayüò≠,en,[],[],[],5,0,14,[],https://twitter.com/hyewonii_/status/1316387412822560769,0,[],"['today', 'stay', 'home', 'notic', 'jwmarriott', 'moh', 'call', 'said', 'issu', 'quarantin', 'order', 'posit', 'case', 'flight', 'seoul', 'transfer', 'govern', 'facil', 'track', 'wristband', 'sofitel', 'day']",Today is Day-12 of my stay home notice at JWmarriott. MOH called me and said I am issued with quarantine order because there was a positive case on my flight from Seoul. They transferred me to government facility and here I‚Äôm with a tracking wristband at Sofitel. What a day:loudly_crying_face:
5,1311338056977248257,1311337855017345024,2020-10-01,00:12:10,1482348127,mferrisn,M.Faris.N,,@QweenSativaa Destination: 14 day stay home notice.,en,[],[],[],0,0,0,[],https://twitter.com/MFerrisN/status/1311338056977248257,0,"[{'screen_name': 'QweenSativaa', 'name': '‚ô¶La Tosca üíÄ', 'id': '50233120'}]","['destin', 'day', 'stay', 'home', 'notic']",@QweenSativaa Destination: 14 day stay home notice.
6,1303524205242187776,1303523787070083072,2020-09-09,10:42:43,38179153,rezaprabowo,Reza Prabowo,,"She got a 5 days stay home notice, can only go out to go to the doctor. The fine for breaking it is up to $10,000.",en,[],[],[],2,1,0,[],https://twitter.com/rezaprabowo/status/1303524205242187776,0,[],"['got', 'day', 'stay', 'home', 'notic', 'go', 'go', 'doctor', 'fine', 'break']","She got a 5 days stay home notice, can only go out to go to the doctor. The fine for breaking it is up to $10,000."
7,1294471170239078400,1294471170239078400,2020-08-15,11:09:11,65908133,fliesfry,MessyGal,,"Notice I only eat late fast food dinner when I came home from my work place. ü§î  It‚Äôs a sign, healthy living equates to stay away from office!  P.s. am I pointing middle finger here? Anyway try this latest floss flavour. Quite good for me who am always so-so with floss.  #kfc  https://t.co/GFEz4BvYOG",en,[],[],['https://pbs.twimg.com/media/Efbio4yU0AIdHc1.jpg'],0,0,0,['kfc'],https://twitter.com/FliesFry/status/1294471170239078400,1,[],"['notic', 'eat', 'late', 'fast', 'food', 'dinner', 'came', 'home', 'work', 'place', 'sign', 'healthi', 'live', 'equat', 'stay', 'away', 'offic', 'point', 'middl', 'finger', 'anyway', 'tri', 'latest', 'floss', 'flavour', 'quit', 'good', 'alway', 'floss']","Notice I only eat late fast food dinner when I came home from my work place. :thinking_face:  It‚Äôs a sign, healthy living equates to stay away from office!  P.s. am I pointing middle finger here? Anyway try this latest floss flavour. Quite good for me who am always so-so with floss.  #kfc  https://t.co/GFEz4BvYOG"
8,1293558322289770496,1293558322289770496,2020-08-12,22:41:51,172733155,alvin_lee228,Alvin,"{'type': 'Point', 'coordinates': [1.29306, 103.856]}",üç™ I‚Äôve ended my Stay Home Notice today and I couldn‚Äôt have gotten through it without these delicious Earl Grey Infused Cookies from coffee.crisis. Each one comes with a chocolate surprise in the middle.‚†Ä ‚†Ä üç´All you‚Ä¶  https://t.co/NHnoLduomi,en,[],['https://www.instagram.com/p/CDywFChDqyL/?igshid=nut0kthenb8f'],[],0,0,0,[],https://twitter.com/alvin_lee228/status/1293558322289770496,0,[],"['end', 'stay', 'home', 'notic', 'today', 'gotten', 'without', 'delici', 'earl', 'grey', 'infus', 'cooki', 'one', 'come', 'chocol', 'surpris', 'middl']",:cookie: I‚Äôve ended my Stay Home Notice today and I couldn‚Äôt have gotten through it without these delicious Earl Grey Infused Cookies from coffee.crisis. Each one comes with a chocolate surprise in the middle.‚†Ä ‚†Ä :chocolate_bar:All you‚Ä¶  https://t.co/NHnoLduomi
12,1284185879431360512,1284185879431360512,2020-07-18,01:59:07,908615605875499009,cherylgohcna,Cheryl Goh,,"#COVID__19 : From 19 Jul, travellers entering Singapore from Australia‚Äôs Victoria state, Japan and Hong will have to serve their 14-day Stay Home Notice at a government facility. Singaporeans advised not to travel for the time being.  https://t.co/LSPDwF13Cg",en,[],[],[],1,2,8,['covid__19'],https://twitter.com/CherylGohCNA/status/1284185879431360512,1,[],"['jul', 'travel', 'enter', 'singapor', 'australia', 'victoria', 'state', 'japan', 'hong', 'serv', 'stay', 'home', 'notic', 'govern', 'facil', 'singaporean', 'advis', 'travel', 'time']","#COVID__19 : From 19 Jul, travellers entering Singapore from Australia‚Äôs Victoria state, Japan and Hong will have to serve their 14-day Stay Home Notice at a government facility. Singaporeans advised not to travel for the time being.  https://t.co/LSPDwF13Cg"
13,1277448814324903936,1277448814324903936,2020-06-29,11:48:25,957283101360582661,fahhhzana,F,,Cam sial kene stay at home notice,en,[],[],[],0,0,0,[],https://twitter.com/fahhhzana/status/1277448814324903936,0,[],"['cam', 'sial', 'kene', 'stay', 'home', 'notic']",Cam sial kene stay at home notice
14,1275649830673661953,1275649830673661953,2020-06-24,12:39:54,41269448,santoshaka,ùôéùôñùô£ùô©ùô§ùô®ùôù ùôèùôùùôñùô•ùôñ ùôàùôñùôúùôñùôß,,New term - SHRO (stay home restriction order) is different from SHN (Stay Home Notice),en,[],[],[],1,0,2,[],https://twitter.com/SantoshAKA/status/1275649830673661953,0,[],"['new', 'term', 'shro', 'stay', 'home', 'restrict', 'order', 'differ', 'shn', 'stay', 'home', 'notic']",New term - SHRO (stay home restriction order) is different from SHN (Stay Home Notice)
15,1274731423371411456,1274731423371411456,2020-06-21,23:50:29,1022113316611792897,zhg5wdz3omkw9el,ÂÜâÁ£ä,,"After 3 months‚Äô stay at home notice, today we got hanging out. But I didn't feel so excited. After all, I am so familiar with this city, nothing new. Nothing unexpected happened, everything is the same, nothing changed.",en,[],[],[],1,0,0,[],https://twitter.com/ZHG5wdZ3OMKw9EL/status/1274731423371411456,0,[],"['month', 'stay', 'home', 'notic', 'today', 'got', 'hang', 'feel', 'excit', 'familiar', 'citi', 'noth', 'new', 'noth', 'unexpect', 'happen', 'everyth', 'noth', 'chang']","After 3 months‚Äô stay at home notice, today we got hanging out. But I didn't feel so excited. After all, I am so familiar with this city, nothing new. Nothing unexpected happened, everything is the same, nothing changed."
22,1267113971917574144,1266925337356537856,2020-05-31,23:21:27,877337100,indiainsingapor,India in Singapore,,@KumarDk75710 @PMOIndia @MEAIndia @DrSJaishankar @MOS_MEA @harshvshringla @IndianDiplomacy @airindiain @PIB_India @DDNewslive @JawedAshraf5 All cleared at temperature screenings.  They were in quarantine like conditions in Singapore since 7 April. None of those in stay home notice or under observation are on passenger lists .üôè,en,[],[],[],0,0,3,[],https://twitter.com/IndiainSingapor/status/1267113971917574144,0,"[{'screen_name': 'KumarDk75710', 'name': 'Deepak kumar', 'id': '731458212902248448'}, {'screen_name': 'PMOIndia', 'name': 'PMO India', 'id': '471741741'}, {'screen_name': 'MEAIndia', 'name': 'Anurag Srivastava', 'id': '441636351'}, {'screen_name': 'DrSJaishankar', 'name': 'Dr. S. Jaishankar', 'id': '859363899291742210'}, {'screen_name': 'MOS_MEA', 'name': 'V. Muraleedharan', 'id': '1137953360462532608'}, {'screen_name': 'harshvshringla', 'name': 'Harsh V Shringla', 'id': '4817560872'}, {'screen_name': 'IndianDiplomacy', 'name': 'Indian Diplomacy', 'id': '164213375'}, {'screen_name': 'airindiain', 'name': 'Air India', 'id': '387573617'}, {'screen_name': 'PIB_India', 'name': 'PIB India', 'id': '231033118'}, {'screen_name': 'DDNewslive', 'name': 'DD News', 'id': '1100927498'}, {'screen_name': 'JawedAshraf5', 'name': 'Jawed Ashraf', 'id': '718757829570506752'}]","['clear', 'temperatur', 'screen', 'quarantin', 'like', 'condit', 'singapor', 'sinc', 'april', 'none', 'stay', 'home', 'notic', 'observ', 'passeng', 'list']",@KumarDk75710 @PMOIndia @MEAIndia @DrSJaishankar @MOS_MEA @harshvshringla @IndianDiplomacy @airindiain @PIB_India @DDNewslive @JawedAshraf5 All cleared at temperature screenings.  They were in quarantine like conditions in Singapore since 7 April. None of those in stay home notice or under observation are on passenger lists .:folded_hands:
23,1264779814726184960,1264779814726184960,2020-05-25,12:46:20,1188124814,belovedarnold,Arnold dela Cruz,"{'type': 'Point', 'coordinates': [1.43788, 103.83803]}","_EoSHNo Pasta_ (End of Stay-Home Notice Pasta) . Since the onset of COVID-19 cases and the circuit breaker started in Singapore, I have been disciplined to restrict myself from going elsewhere that is not‚Ä¶  https://t.co/ElpQKGmrcQ",en,[],['https://www.instagram.com/p/CAmRIcRHIR8/?igshid=1i7arsfe13tec'],[],0,0,0,[],https://twitter.com/belovedarnold/status/1264779814726184960,0,[],"['end', 'notic', 'pasta', 'sinc', 'onset', 'case', 'circuit', 'breaker', 'start', 'singapor', 'disciplin', 'restrict', 'go', 'elsewher']","_EoSHNo Pasta_ (End of Stay-Home Notice Pasta) . Since the onset of COVID-19 cases and the circuit breaker started in Singapore, I have been disciplined to restrict myself from going elsewhere that is not‚Ä¶  https://t.co/ElpQKGmrcQ"
24,1262687685010878465,1262687685010878465,2020-05-19,18:12:58,76352733,anbe_aaruyire,kv,,Out in the real world... After 28 days of Stay Home Notice.. #StayHome #StaySafe.. #SGUnited  https://t.co/udcfJMkc2Z,en,[],[],['https://pbs.twimg.com/media/EYX3vJbUMAE1jdY.jpg'],0,0,1,"['stayhome', 'staysafe', 'sgunited']",https://twitter.com/anbe_aaruyire/status/1262687685010878465,1,[],"['real', 'world', 'day', 'stay', 'home', 'notic']",Out in the real world... After 28 days of Stay Home Notice.. #StayHome #StaySafe.. #SGUnited  https://t.co/udcfJMkc2Z
25,1262687005198057472,1262687005198057472,2020-05-19,18:10:16,76352733,anbe_aaruyire,kv,,"Coming out for the first time, after a 28 days of Stay Home Notice... #SGUnited #Singapore  https://t.co/zMaqjDb3Sc",en,[],[],['https://pbs.twimg.com/media/EYX3HiEVAAAy1IA.jpg'],0,0,1,"['sgunited', 'singapore']",https://twitter.com/anbe_aaruyire/status/1262687005198057472,1,[],"['come', 'first', 'time', 'day', 'stay', 'home', 'notic']","Coming out for the first time, after a 28 days of Stay Home Notice... #SGUnited #Singapore  https://t.co/zMaqjDb3Sc"
26,1261670742120259585,1261670742120259585,2020-05-16,22:52:00,397966748,veloruntheworld,Ra,,"Finding Nemo architecture !!! I start to notice, stay at home really affects our health, I guess.. my on and off giddiness is back - I do need morning exposure every morning. During Ramadan, I only run in the evening.. #runningjournal  https://t.co/7NN3CXzHMJ",en,[],[],['https://pbs.twimg.com/media/EYJa2P-U8AESbao.jpg'],0,0,2,['runningjournal'],https://twitter.com/VeloRuntheworld/status/1261670742120259585,1,[],"['find', 'nemo', 'architectur', 'start', 'notic', 'stay', 'home', 'realli', 'affect', 'health', 'guess', 'giddi', 'back', 'need', 'morn', 'exposur', 'everi', 'morn', 'ramadan', 'run', 'even']","Finding Nemo architecture !!! I start to notice, stay at home really affects our health, I guess.. my on and off giddiness is back - I do need morning exposure every morning. During Ramadan, I only run in the evening.. #runningjournal  https://t.co/7NN3CXzHMJ"
27,1261285374090817545,1261277507535302659,2020-05-15,21:20:41,49007031,kira_scribbles,·¥Æ·¥± üÑ∫üÑ∏üÖÅüÑ∞,,"@hizlittlepinky actually, allowed naman kami lumabas but not for too long.. only to buy essential stuff, exercise or go to work..   unless you‚Äôre under stay-home notice..",en,[],[],[],1,0,0,[],https://twitter.com/KIRA_scribbles/status/1261285374090817545,0,"[{'screen_name': 'hizlittlepinky', 'name': 'shanieüê•sick and tired', 'id': '975421826'}]","['actual', 'allow', 'naman', 'kami', 'lumaba', 'long', 'buy', 'essenti', 'stuff', 'exercis', 'go', 'work', 'unless', 'notic']","@hizlittlepinky actually, allowed naman kami lumabas but not for too long.. only to buy essential stuff, exercise or go to work..   unless you‚Äôre under stay-home notice.."
28,1260872061594918912,1260872061594918912,2020-05-14,17:58:20,756772,kyh,kyh¬Æ,"{'type': 'Point', 'coordinates': [1.2578, 103.80994]}","hola from singapura! just checked into the luxury rasasentosa on sentosa island, my ""home"" for the next 14 days in compliance with the island republic's stay home notice (shn) during this trying period, all paid for‚Ä¶  https://t.co/A05SZBJtpt",en,[],['https://www.instagram.com/p/CAKgFr6g0Ku/?igshid=rq7ynijmlqnm'],[],0,0,0,[],https://twitter.com/kyh/status/1260872061594918912,0,[],"['hola', 'singapura', 'check', 'luxuri', 'rasasentosa', 'sentosa', 'island', 'home', 'next', 'day', 'complianc', 'island', 'republ', 'stay', 'home', 'notic', 'shn', 'tri', 'period', 'paid']","hola from singapura! just checked into the luxury rasasentosa on sentosa island, my ""home"" for the next 14 days in compliance with the island republic's stay home notice (shn) during this trying period, all paid for‚Ä¶  https://t.co/A05SZBJtpt"
29,1260095475178287105,1260095475178287105,2020-05-12,14:32:27,1167115302439538688,gerlie_queen,gbt,,Serving stay home notice with a Chef flatmate is really ‚ù§Ô∏è  https://t.co/yUH7uGAF8s,en,[],[],['https://pbs.twimg.com/media/EXzCJtuU4AAQgNu.jpg'],0,0,0,[],https://twitter.com/gerlie_queen/status/1260095475178287105,1,[],"['serv', 'stay', 'home', 'notic', 'chef', 'flatmat', 'realli']",Serving stay home notice with a Chef flatmate is really :red_heart:  https://t.co/yUH7uGAF8s
30,1259442323227676672,1259442323227676672,2020-05-10,19:17:03,363494868,arvintunas,Tunas Harapan Bangsa Dan Negara Federal Republik,,21 days into Stay Home Notice....8 days to go,en,[],[],[],0,0,0,[],https://twitter.com/ArvinTunas/status/1259442323227676672,0,[],"['day', 'stay', 'home', 'notic', 'day', 'go']",21 days into Stay Home Notice....8 days to go
32,1258061337441296384,1258061337441296384,2020-05-06,23:49:31,59167125,missstaceytan,Stacey Tan,"{'type': 'Point', 'coordinates': [1.29306, 103.856]}","#year2020  . . . When you finish complaining about the lockdown, stay at home notice, getting bored at home...remember...we are part of the history... . . . When the world united as one to fight together...and the‚Ä¶  https://t.co/awR9LsctJK",en,[],['https://www.instagram.com/p/B_2h6vShXYw/?igshid=14oic5j5pm02d'],[],0,0,0,['year2020'],https://twitter.com/missStaceyTan/status/1258061337441296384,0,[],"['finish', 'complain', 'lockdown', 'stay', 'home', 'notic', 'get', 'bore', 'home', 'rememb', 'part', 'histori', 'world', 'unit', 'one', 'fight', 'togeth']","#year2020  . . . When you finish complaining about the lockdown, stay at home notice, getting bored at home...remember...we are part of the history... . . . When the world united as one to fight together...and the‚Ä¶  https://t.co/awR9LsctJK"
33,1256479232248754176,1256479232248754176,2020-05-02,15:02:47,26206160,ishtefh,Steff,"{'type': 'Point', 'coordinates': [1.29306, 103.856]}","I haven't been studying Japanese for these past few months due to being busy with work stuff and other things, so now since Singapore's so called ""circuit breaker"" was extended until June, then my ""stay home notice""‚Ä¶  https://t.co/nSAr4Zbix1",en,[],['https://www.instagram.com/p/B_rSdZjhzun/?igshid=jd2zb68dhlq1'],[],0,0,0,[],https://twitter.com/ishtefh/status/1256479232248754176,0,[],"['studi', 'japanes', 'past', 'month', 'due', 'busi', 'work', 'stuff', 'thing', 'sinc', 'singapor', 'call', 'circuit', 'breaker', 'extend', 'june', 'stay', 'home', 'notic']","I haven't been studying Japanese for these past few months due to being busy with work stuff and other things, so now since Singapore's so called ""circuit breaker"" was extended until June, then my ""stay home notice""‚Ä¶  https://t.co/nSAr4Zbix1"
34,1256110507037126658,1256110507037126658,2020-05-01,14:37:36,104100715,quenniedevega,Quennie,,Extended Stay-Home-Notice  https://t.co/zAjhvSHcbM,en,[],[],['https://pbs.twimg.com/tweet_video_thumb/EW6Z12nVcAEf8Ho.jpg'],0,0,1,[],https://twitter.com/quenniedevega/status/1256110507037126658,1,[],['extend'],Extended Stay-Home-Notice  https://t.co/zAjhvSHcbM
35,1252799147603714053,1252161514770923520,2020-04-22,11:19:27,57106106,perry_young,PerryYoung,,@jenniferludt @TomBossert you don‚Äôt need to ask anyone for permission unless you have been issued a Stay at Home Notice SHN. Hear you re: US,en,[],[],[],1,0,0,[],https://twitter.com/Perry_Young/status/1252799147603714053,0,"[{'screen_name': 'TomBossert', 'name': 'Thomas P. Bossert', 'id': '1399966783'}]","['need', 'ask', 'anyon', 'permiss', 'unless', 'issu', 'stay', 'home', 'notic', 'shn', 'hear', 'us']",@jenniferludt @TomBossert you don‚Äôt need to ask anyone for permission unless you have been issued a Stay at Home Notice SHN. Hear you re: US
36,1252049552787378177,1252049552787378177,2020-04-20,09:40:49,2297285306,arfarfil,A R F üáµüá≠üá∏üá¨,,"Strict 14 days stay home notice for all employees under construction ‚Äúsector‚Äù across the country. Even going to market is not allowed, okay I‚Äôll be locked up until next month right after my birthday. ü§¶üèª‚Äç‚ôÇÔ∏è   Pero mas okay na yon atleast safe. üëåüèª",en,[],[],[],0,0,4,[],https://twitter.com/arfarfil/status/1252049552787378177,0,[],"['strict', 'day', 'stay', 'home', 'notic', 'employe', 'construct', 'sector', 'across', 'countri', 'even', 'go', 'market', 'allow', 'okay', 'lock', 'next', 'month', 'right', 'birthday', 'pero', 'ma', 'okay', 'na', 'yon', 'atleast', 'safe']","Strict 14 days stay home notice for all employees under construction ‚Äúsector‚Äù across the country. Even going to market is not allowed, okay I‚Äôll be locked up until next month right after my birthday. :man_facepalming_light_skin_tone:   Pero mas okay na yon atleast safe. :OK_hand_light_skin_tone:"
37,1251699662668496898,1250936273096724480,2020-04-19,10:30:29,15291489,wce917,Christopher Ellis üá∏üá¨üá∫üá∏,,@jamesplloyd And announced all placed on stay at home notice now   https://t.co/4ATWxREp9l,en,[],['https://www.channelnewsasia.com/news/singapore/construction-workers-work-permit-s-pass-stay-home-notice-covid19-12655534'],[],0,0,1,[],https://twitter.com/wce917/status/1251699662668496898,0,"[{'screen_name': 'jamesplloyd', 'name': 'James Lloyd', 'id': '97003436'}]","['announc', 'place', 'stay', 'home', 'notic']",@jamesplloyd And announced all placed on stay at home notice now   https://t.co/4ATWxREp9l
38,1251371809603280897,1251371809603280897,2020-04-18,12:47:43,129636924,vaishnavi,vaishnavi,"{'type': 'Point', 'coordinates': [1.30841104, 103.83592101]}","After nine days of asking for salt and getting tiny individual packets, my Stay Home Notice hotel finally decided to give me this and I just want to say I hope we both learned something today  https://t.co/JqC6VRslB3",en,[],[],['https://pbs.twimg.com/media/EV3EBeWUYAEy9Tb.jpg'],4,0,15,[],https://twitter.com/vaishnavi/status/1251371809603280897,1,[],"['nine', 'day', 'ask', 'salt', 'get', 'tini', 'individu', 'packet', 'stay', 'home', 'notic', 'hotel', 'final', 'decid', 'give', 'want', 'say', 'hope', 'learn', 'someth', 'today']","After nine days of asking for salt and getting tiny individual packets, my Stay Home Notice hotel finally decided to give me this and I just want to say I hope we both learned something today  https://t.co/JqC6VRslB3"
39,1251050595231784962,1251050595231784962,2020-04-17,15:31:19,738288294220304384,jaekyunnie06,‚≠ê·ó∞·ëå·í™TI·ñ¥·ó©·ëé·ó™O·ó∞ K·ë≠O·ë≠·ñ¥·ñáE·ó©K ·íç·ó©EKY·ëå·ëé·ëéIE,,My housemates keeps on feeding me since the first day of Circuit Breaker üò≠ I need to repay their kindness but I can't go out due to my 14days stay home notice argh!,en,[],[],[],0,0,1,[],https://twitter.com/jaekyunnie06/status/1251050595231784962,0,[],"['housem', 'keep', 'feed', 'sinc', 'first', 'day', 'circuit', 'breaker', 'need', 'repay', 'kind', 'ca', 'go', 'due', 'stay', 'home', 'notic', 'argh']",My housemates keeps on feeding me since the first day of Circuit Breaker :loudly_crying_face: I need to repay their kindness but I can't go out due to my 14days stay home notice argh!
40,1249588930581676033,1249585327452221440,2020-04-13,14:43:11,145205455,fitriextreme,‚ó¢ ‚ó§,,@hzqhadrna Stay home notice. Tapi aku kene kat Hotel.,en,[],[],[],1,0,0,[],https://twitter.com/FitriExtreme/status/1249588930581676033,0,"[{'screen_name': 'hzqhadrna', 'name': 'ùíΩùí∂ùìè', 'id': '3240172423'}]","['stay', 'home', 'notic', 'tapi', 'aku', 'kene', 'kat', 'hotel']",@hzqhadrna Stay home notice. Tapi aku kene kat Hotel.
42,1247700238661349381,1247559480042119168,2020-04-08,09:38:12,3303353729,mitch_leow,Mitch Leow Âªñ‰∏∫Êîø,,Sister helping me celebrate the end of my Stay Home Notice - which leads on into the month long shutdown on this island.  https://t.co/wfuTYWKHAC,en,[],[],['https://pbs.twimg.com/media/EVC4wCBU4AACiBn.jpg'],0,0,0,[],https://twitter.com/mitch_leow/status/1247700238661349381,1,[],"['sister', 'help', 'celebr', 'end', 'stay', 'home', 'notic', 'lead', 'month', 'long', 'shutdown', 'island']",Sister helping me celebrate the end of my Stay Home Notice - which leads on into the month long shutdown on this island.  https://t.co/wfuTYWKHAC
43,1246349561477513221,1246024332310016002,2020-04-04,16:11:06,40859142,fafuierice,Fafui,,"@renzyfrenzy Yes! Naka stay home notice ako required by gov‚Äôt. Lemon water muna and I‚Äôm also drinking meds given by the doctor! Thanks, Renzy!!",en,[],[],[],0,0,0,[],https://twitter.com/fafuierice/status/1246349561477513221,0,"[{'screen_name': 'renzyfrenzy', 'name': 'Renzy', 'id': '170646553'}]","['ye', 'naka', 'stay', 'home', 'notic', 'ako', 'requir', 'gov', 'lemon', 'water', 'muna', 'also', 'drink', 'med', 'given', 'doctor', 'thank', 'renzi']","@renzyfrenzy Yes! Naka stay home notice ako required by gov‚Äôt. Lemon water muna and I‚Äôm also drinking meds given by the doctor! Thanks, Renzy!!"
44,1246127375999553537,1246127375999553537,2020-04-04,01:28:13,720434494998585344,frederickquek,Frederick Quek,"{'type': 'Point', 'coordinates': [1.29306, 103.856]}","[MARCH 31, 2020] ""As currently that I'm aware of the COVID-19 is getting worsened. I'm home the whole day. And I'm terrified to notice that, how hard of their lives can survive? It's not just that. We must all stay‚Ä¶  https://t.co/BBYmE0QEt5",en,[],['https://www.instagram.com/p/B-hu-2VBO8Q/?igshid=77y7pu28anyc'],[],0,0,0,[],https://twitter.com/FrederickQuek/status/1246127375999553537,0,[],"['march', 'current', 'awar', 'get', 'worsen', 'home', 'whole', 'day', 'terrifi', 'notic', 'hard', 'live', 'surviv', 'must']","[MARCH 31, 2020] ""As currently that I'm aware of the COVID-19 is getting worsened. I'm home the whole day. And I'm terrified to notice that, how hard of their lives can survive? It's not just that. We must all stay‚Ä¶  https://t.co/BBYmE0QEt5"
45,1246024332310016002,1246024332310016002,2020-04-03,18:38:45,40859142,fafuierice,Fafui,,"Today, I was coughing so my boss sent me home and told me to go to the doctor because the gov‚Äôt spot checks companies. I went to the doctor and he told me my throat is red so he has to issue me an MC (sick leave) for 5 days. And it‚Äôs a Stay-At-Home Notice which means I can‚Äôt,",en,[],[],[],2,0,0,[],https://twitter.com/fafuierice/status/1246024332310016002,0,[],"['today', 'cough', 'boss', 'sent', 'home', 'told', 'go', 'doctor', 'gov', 'spot', 'check', 'compani', 'went', 'doctor', 'told', 'throat', 'red', 'issu', 'mc', 'sick', 'leav', 'day', 'notic', 'mean']","Today, I was coughing so my boss sent me home and told me to go to the doctor because the gov‚Äôt spot checks companies. I went to the doctor and he told me my throat is red so he has to issue me an MC (sick leave) for 5 days. And it‚Äôs a Stay-At-Home Notice which means I can‚Äôt,"
46,1244771951119192065,1244771951119192065,2020-03-31,07:42:14,14302278,sarahcottle,Sarah Cottle,,That concludes our 14-day #StayHome Notice. 42 SMS location checks and ~10 video interviews. @MOM_sg doing an amazing job of keeping us safe in #Singapore. üôèüèº#Coronavirus #Covid_19 @leehsienloong #Leadership üá∏üá¨  https://t.co/j10j9UTOA8,en,"[{'screen_name': 'mom_sg', 'name': 'ministry of manpower', 'id': '85776326'}, {'screen_name': 'leehsienloong', 'name': 'leehsienloong', 'id': '34568673'}]",[],['https://pbs.twimg.com/media/EUZRfUnUEAAgY12.jpg'],1,0,11,"['stayhome', 'singapore', 'coronavirus', 'covid_19', 'leadership']",https://twitter.com/sarahcottle/status/1244771951119192065,1,[],"['conclud', 'notic', 'sm', 'locat', 'check', 'video', 'interview', 'amaz', 'job', 'keep', 'us', 'safe']",That concludes our 14-day #StayHome Notice. 42 SMS location checks and ~10 video interviews. @MOM_sg doing an amazing job of keeping us safe in #Singapore. :folded_hands_medium-light_skin_tone:#Coronavirus #Covid_19 @leehsienloong #Leadership :Singapore:  https://t.co/j10j9UTOA8
47,1244261575529238529,1244261575529238529,2020-03-29,21:54:11,977173723739377664,_imanrizqi_,Iman Rizqi,"{'type': 'Point', 'coordinates': [1.29306, 103.856]}","While serving my 14 Day Stay-Home Notice (SHN), i did something awesome with a glass mug and some oil. . Stay Safe and Safe Distancing ya big chungus !! .  All pictures inspired by @7theraYT northborders‚Ä¶  https://t.co/jJxIKq9z8U",en,"[{'screen_name': '7therayt', 'name': '7th era', 'id': '1033525388687724544'}]",['https://www.instagram.com/p/B-UegwJn35s/?igshid=l70sp2hz8nba'],[],0,0,0,[],https://twitter.com/_ImanRizqi_/status/1244261575529238529,0,[],"['serv', 'day', 'notic', 'shn', 'someth', 'awesom', 'glass', 'mug', 'oil', 'stay', 'safe', 'safe', 'distanc', 'ya', 'big', 'chungu', 'pictur', 'inspir']","While serving my 14 Day Stay-Home Notice (SHN), i did something awesome with a glass mug and some oil. . Stay Safe and Safe Distancing ya big chungus !! .  All pictures inspired by @7theraYT northborders‚Ä¶  https://t.co/jJxIKq9z8U"
49,1244246428483895298,1244246428483895298,2020-03-29,20:54:00,78516945,lizwoodybobeep,LizAnailuZ,,Just listen and obey for everyone‚Äôs safety.... ICA cancels Singaporean's passport for breaching stay-home notice  https://t.co/a07eDpYCYJ,en,[],['https://www.channelnewsasia.com/news/singapore/covid19-coronavirus-breach-stay-home-notice-passport-cancelled-12586942#.XoCaJ2F87-E.twitter'],[],0,0,0,[],https://twitter.com/LizWoodyBoBeep/status/1244246428483895298,0,[],"['listen', 'obey', 'everyon', 'safeti', 'ica', 'cancel', 'singaporean', 'passport', 'breach', 'notic']",Just listen and obey for everyone‚Äôs safety.... ICA cancels Singaporean's passport for breaching stay-home notice  https://t.co/a07eDpYCYJ
50,1244179425047932929,1244179425047932929,2020-03-29,16:27:45,100195084,damelomar,Omar Bin Alkhatab,,ICA cancels Singaporean's passport for breaching stay-home notice  https://t.co/MrBWl2oVMp,en,[],['https://www.channelnewsasia.com/news/singapore/covid19-coronavirus-breach-stay-home-notice-passport-cancelled-12586942#.XoBb9riIljo.twitter'],[],0,0,4,[],https://twitter.com/DamelOmar/status/1244179425047932929,0,[],"['ica', 'cancel', 'singaporean', 'passport', 'breach', 'notic']",ICA cancels Singaporean's passport for breaching stay-home notice  https://t.co/MrBWl2oVMp
51,1243708060331151360,1243708060331151360,2020-03-28,09:14:43,90597912,poortan,poor tan,,Coronavirus: Man who allegedly breached stay-home notice for bak kut teh likely to be charged  https://t.co/Wbn4XYOP97 yes charged the irresponsible guy with fine and jail time. A lot of Singaporeans are not taking the threat seriously enough,en,[],['https://str.sg/JYk6'],[],0,0,0,[],https://twitter.com/poortan/status/1243708060331151360,0,[],"['coronaviru', 'man', 'allegedli', 'breach', 'notic', 'bak', 'kut', 'teh', 'like', 'charg', 'ye', 'charg', 'irrespons', 'guy', 'fine', 'jail', 'time', 'lot', 'singaporean', 'take', 'threat', 'serious', 'enough']",Coronavirus: Man who allegedly breached stay-home notice for bak kut teh likely to be charged  https://t.co/Wbn4XYOP97 yes charged the irresponsible guy with fine and jail time. A lot of Singaporeans are not taking the threat seriously enough
53,1243061661151318016,1243061661151318016,2020-03-26,14:26:09,14314503,aaronunkoch,Aaron Koh,,"SG monopoly version should replace Jail with Stay Home Notice.  You land on chance space and pick up chance card that says, ""You landed in Singapore and been served a Stay Home Notice. Go Home! Do not pick up Bak Kut Teh!",en,[],[],[],0,0,0,[],https://twitter.com/AaronUnKoch/status/1243061661151318016,0,[],"['sg', 'monopoli', 'version', 'replac', 'jail', 'stay', 'home', 'notic', 'land', 'chanc', 'space', 'pick', 'chanc', 'card', 'say', 'land', 'singapor', 'serv', 'stay', 'home', 'notic', 'go', 'home', 'pick', 'bak', 'kut', 'teh']","SG monopoly version should replace Jail with Stay Home Notice.  You land on chance space and pick up chance card that says, ""You landed in Singapore and been served a Stay Home Notice. Go Home! Do not pick up Bak Kut Teh!"
54,1242770963290361856,1242770963290361856,2020-03-25,19:11:01,338393618,melvinoyx,Melvin Ong,"{'type': 'Point', 'coordinates': [1.29306, 103.856]}","I know many of my friends are back from overseas and are currently being quarantined at the moment, and there are also many in other states that are being issued a stay-home notice. ‚†Ä‚†Ä‚†Ä‚†Ä‚†Ä‚†Ä‚†Ä‚†Ä‚†Ä Please act responsibly‚Ä¶  https://t.co/2h3zZldgWi",en,[],['https://www.instagram.com/p/B-J4qW4FrC3/?igshid=5dik3exvmtkc'],[],0,0,0,[],https://twitter.com/Melvinoyx/status/1242770963290361856,0,[],"['know', 'mani', 'friend', 'back', 'oversea', 'current', 'quarantin', 'moment', 'also', 'mani', 'state', 'issu', 'notic', 'pleas', 'act']","I know many of my friends are back from overseas and are currently being quarantined at the moment, and there are also many in other states that are being issued a stay-home notice. ‚†Ä‚†Ä‚†Ä‚†Ä‚†Ä‚†Ä‚†Ä‚†Ä‚†Ä Please act responsibly‚Ä¶  https://t.co/2h3zZldgWi"
55,1242112362976407552,1242112362976407552,2020-03-23,23:33:59,528247291,nagaprakash97,‚Ñïùïíùïòùïí,,Cb on birthday kenna stay home notice üòÇ,en,[],[],[],1,0,1,[],https://twitter.com/nagaprakash97/status/1242112362976407552,0,[],"['cb', 'birthday', 'kenna', 'stay', 'home', 'notic']",Cb on birthday kenna stay home notice :face_with_tears_of_joy:
57,1242089114876301312,1242089112414244867,2020-03-23,22:01:36,327197191,sgsportshub,Singapore Sports Hub,,"Individuals who are feeling unwell, on Leave of Absence or Stay-Home Notice, or have recent travel history to countries or regions placed under travel restrictions by the Singapore Government will also be refrained from entering the venue.",en,[],[],[],1,0,0,[],https://twitter.com/SGSportsHub/status/1242089114876301312,0,[],"['individu', 'feel', 'unwel', 'leav', 'absenc', 'notic', 'recent', 'travel', 'histori', 'countri', 'region', 'place', 'travel', 'restrict', 'singapor', 'govern', 'also', 'refrain', 'enter', 'venu']","Individuals who are feeling unwell, on Leave of Absence or Stay-Home Notice, or have recent travel history to countries or regions placed under travel restrictions by the Singapore Government will also be refrained from entering the venue."
58,1242009199585812480,1242009185287467008,2020-03-23,16:44:03,184323820,claire_lansonn,Claire Lansonneur,,"4/5 Noticing lots of singaporeans/PRs coming back (especially students). As most recent cases are imported, the SG gov has issued a stay-home notice for all incoming travellers. This WILL help prevent the spread of the virus. Many COVID-19 carriers are asymptomatic.",en,[],[],[],1,4,23,[],https://twitter.com/claire_lansonn/status/1242009199585812480,0,[],"['notic', 'lot', 'come', 'back', 'especi', 'student', 'recent', 'case', 'import', 'sg', 'gov', 'issu', 'notic', 'incom', 'travel', 'help', 'prevent', 'spread', 'viru', 'mani', 'carrier', 'asymptomat']","4/5 Noticing lots of singaporeans/PRs coming back (especially students). As most recent cases are imported, the SG gov has issued a stay-home notice for all incoming travellers. This WILL help prevent the spread of the virus. Many COVID-19 carriers are asymptomatic."
59,1241635531944910849,1241312205619859462,2020-03-22,15:59:13,751422730730217473,_ren_en_,Karen Leow,,@nicole__yu @AidaHelena_BA @Sophie_Shang The only thing I‚Äôm looking forward to this week of stay home notice üè†,en,[],[],[],0,0,1,[],https://twitter.com/_ren_en_/status/1241635531944910849,0,"[{'screen_name': 'nicole__yu', 'name': 'Nicole', 'id': '1132407584474980353'}, {'screen_name': 'AidaHelena_BA', 'name': 'Aida Helena', 'id': '27616275'}, {'screen_name': 'Sophie_Shang', 'name': 'Sophie Shang', 'id': '2989331127'}]","['thing', 'look', 'forward', 'week', 'stay', 'home', 'notic']",@nicole__yu @AidaHelena_BA @Sophie_Shang The only thing I‚Äôm looking forward to this week of stay home notice :house:
60,1241230538750525440,1241230538750525440,2020-03-21,13:09:56,90432846,skycharm,Charm Uy,"{'type': 'Point', 'coordinates': [1.28978, 103.85121]}",L O V E in the midst of C O V I D - 1 9. ü¶†‚ô•Ô∏è One week LDR plus 2-weeks stay-home notice after his travel to Taiwan.  What can I say?  Counting our blessings despite the challenging times.‚Ä¶  https://t.co/eCdCplLwgg,en,[],['https://www.instagram.com/p/B9-73dcAjhcjFHkI_kcgVq410UgX35MWCDbTIw0/?igshid=1e2qyi3trf1j5'],[],0,0,0,[],https://twitter.com/skycharm/status/1241230538750525440,0,[],"['l', 'v', 'e', 'midst', 'c', 'v', 'one', 'week', 'ldr', 'plu', 'notic', 'travel', 'taiwan', 'say', 'count', 'bless', 'despit', 'challeng']",L O V E in the midst of C O V I D - 1 9. :microbe::heart_suit: One week LDR plus 2-weeks stay-home notice after his travel to Taiwan.  What can I say?  Counting our blessings despite the challenging times.‚Ä¶  https://t.co/eCdCplLwgg
61,1241227771101102080,1241227587013103616,2020-03-21,12:58:56,157541024,hiday_att,yat üá∏üá¨üíû,,@darlingbrando Stuck at home because of 14 days stay at home notice. Hbu?,en,[],[],[],0,0,0,[],https://twitter.com/hiday_att/status/1241227771101102080,0,"[{'screen_name': 'darlingbrando', 'name': 'Darling Brando', 'id': '985800692102148096'}]","['stuck', 'home', 'day', 'stay', 'home', 'notic', 'hbu']",@darlingbrando Stuck at home because of 14 days stay at home notice. Hbu?
62,1241204077792354304,1241204077792354304,2020-03-21,11:24:47,272796118,80subhra,Subhra,,@PMOIndia @narendramodi pls arrest ppl who violate stay home notice. Ppl need to obey rules and can't put others life in danger. Ppl are not taking things seriously.,en,"[{'screen_name': 'narendramodi', 'name': 'narendra modi', 'id': '18839785'}]",[],[],0,0,0,[],https://twitter.com/80subhra/status/1241204077792354304,0,[],"['pl', 'arrest', 'ppl', 'violat', 'stay', 'home', 'notic', 'ppl', 'need', 'obey', 'rule', 'ca', 'put', 'other', 'life', 'danger', 'ppl', 'take', 'thing', 'serious']",@PMOIndia @narendramodi pls arrest ppl who violate stay home notice. Ppl need to obey rules and can't put others life in danger. Ppl are not taking things seriously.
63,1241190880289021952,1240984341884178432,2020-03-21,10:32:20,110144278,yagurlmaisy,issa mais,,@bearuangz this 14 days stay home notice thingy ah just kecoh,en,[],[],[],1,0,0,[],https://twitter.com/yagurlmaisy/status/1241190880289021952,0,"[{'screen_name': 'bearuangz', 'name': 'MuhdBear', 'id': '1150859517267066881'}]","['day', 'stay', 'home', 'notic', 'thingi', 'ah', 'kecoh']",@bearuangz this 14 days stay home notice thingy ah just kecoh
65,1240823456951709700,1240823456951709700,2020-03-20,10:12:20,257862528,shuraimmmm,Shuraim Basir,,"Ever since this stay home notice I‚Äôve been expanding my knowledge of cooking beyond just maggie, spaghetti and fried eggs. HAHAHAH LOVING IT",en,[],[],[],0,0,1,[],https://twitter.com/Shuraimmmm/status/1240823456951709700,0,[],"['ever', 'sinc', 'stay', 'home', 'notic', 'expand', 'knowledg', 'cook', 'beyond', 'maggi', 'spaghetti', 'fri', 'egg', 'hahahah', 'love']","Ever since this stay home notice I‚Äôve been expanding my knowledge of cooking beyond just maggie, spaghetti and fried eggs. HAHAHAH LOVING IT"
66,1240587993729003520,1240587993729003520,2020-03-19,18:36:41,23805402,nancycnbc,Nancy Hungerford,,"Singapore‚Äôs Penalties for non-compliance w/ Stay at Home Notice - Fine up to $10K and/or 6-mth imprisonment for 1st offence                - SG PR, Long-Term Pass Holders: Re-entry permit/passes may be revoked - Foreign employee: Work pass may be revoked",en,[],[],[],1,3,10,[],https://twitter.com/NancyCNBC/status/1240587993729003520,0,[],"['singapor', 'penalti', 'stay', 'home', 'notic', 'fine', 'imprison', 'offenc', 'sg', 'pr', 'pass', 'holder', 'may', 'revok', 'foreign', 'employe', 'work', 'pass', 'may', 'revok']","Singapore‚Äôs Penalties for non-compliance w/ Stay at Home Notice - Fine up to $10K and/or 6-mth imprisonment for 1st offence                - SG PR, Long-Term Pass Holders: Re-entry permit/passes may be revoked - Foreign employee: Work pass may be revoked"
67,1240563805064589312,1240549012035391488,2020-03-19,17:00:34,2886754007,btrsofficial,Ben Smith,,@Luke_Hobson1989 Stay at Home Notice (Home quarantine),en,[],[],[],0,0,0,[],https://twitter.com/btrsofficial/status/1240563805064589312,0,"[{'screen_name': 'Luke_Hobson1989', 'name': 'Luke Hobson', 'id': '356267752'}]","['stay', 'home', 'notic', 'home', 'quarantin']",@Luke_Hobson1989 Stay at Home Notice (Home quarantine)
68,1240241727530602496,1240235345116975108,2020-03-18,19:40:45,244428045,fdzfitriiiii,Fadzrul,,@Akmalhakimwee Alright! You too ma bro. Kena stay home notice ke?,en,[],[],[],1,0,0,[],https://twitter.com/fdzfitriiiii/status/1240241727530602496,0,"[{'screen_name': 'Akmalhakimwee', 'name': 'amand', 'id': '2320582250'}]","['alright', 'bro', 'kena', 'stay', 'home', 'notic', 'ke']",@Akmalhakimwee Alright! You too ma bro. Kena stay home notice ke?
69,1240171416655290368,1239883205211291650,2020-03-18,15:01:21,270497328,loolahdoolally,PIA,,"@KiyomiMcfarlane @R_Wayne111 @LT3000Lyall @ianbremmer Not forgetting consequences for those caught breaking the stay home notice. Yes we can be seem as somewhat extreme in many areas, but sometimes it works. Esp in a crisis.",en,[],[],[],0,0,0,[],https://twitter.com/LoolahDoolally/status/1240171416655290368,0,"[{'screen_name': 'KiyomiMcfarlane', 'name': 'Kiyomi McFarlane üá∫üá∏ üó≥ üß¶ ü•ëüî∞', 'id': '1145833823977951232'}, {'screen_name': 'LT3000Lyall', 'name': 'Lyall Taylor', 'id': '2323253005'}, {'screen_name': 'ianbremmer', 'name': 'ian bremmer', 'id': '60783724'}]","['forget', 'consequ', 'caught', 'break', 'stay', 'home', 'notic', 'ye', 'seem', 'somewhat', 'extrem', 'mani', 'area', 'sometim', 'work', 'esp', 'crisi']","@KiyomiMcfarlane @R_Wayne111 @LT3000Lyall @ianbremmer Not forgetting consequences for those caught breaking the stay home notice. Yes we can be seem as somewhat extreme in many areas, but sometimes it works. Esp in a crisis."
70,1239952297448243206,1239952297448243206,2020-03-18,00:30:39,40859142,fafuierice,Fafui,,"My supervisor came from Japan one week ago and today (after working for a week alr after she arrived), the company asked her to take SHN (stay at home notice for 1 week). She was laughing when she told us &amp; we were all like ‚ÄúHuh you would‚Äôve infected us already‚Äù üòÖ medyo weird",en,[],[],[],1,0,0,[],https://twitter.com/fafuierice/status/1239952297448243206,0,[],"['supervisor', 'came', 'japan', 'one', 'week', 'ago', 'today', 'work', 'week', 'alr', 'arriv', 'compani', 'ask', 'take', 'shn', 'stay', 'home', 'notic', 'week', 'laugh', 'told', 'us', 'amp', 'like', 'huh', 'would', 'infect', 'us', 'alreadi', 'medyo', 'weird']","My supervisor came from Japan one week ago and today (after working for a week alr after she arrived), the company asked her to take SHN (stay at home notice for 1 week). She was laughing when she told us &amp; we were all like ‚ÄúHuh you would‚Äôve infected us already‚Äù :grinning_face_with_sweat: medyo weird"
71,1239779878267834368,1239767268667482112,2020-03-17,13:05:31,14838594,serrynaimo,Thomas Gorissen,,"@charis You‚Äôll get a 2 week stay home notice from ASEAN, UK, Switzerland. No travel history from Italy, South Korea, China allowed.  https://t.co/XdiMduICl4",en,[],[],['https://pbs.twimg.com/media/ETSVOcwUEAAGXpl.jpg'],1,0,1,[],https://twitter.com/serrynaimo/status/1239779878267834368,1,"[{'screen_name': 'charis', 'name': 'Charis \U0001f9cb', 'id': '47614929'}]","['get', 'week', 'stay', 'home', 'notic', 'asean', 'uk', 'switzerland', 'travel', 'histori', 'itali', 'south', 'korea', 'china', 'allow']","@charis You‚Äôll get a 2 week stay home notice from ASEAN, UK, Switzerland. No travel history from Italy, South Korea, China allowed.  https://t.co/XdiMduICl4"
72,1239730187278811136,1239730187278811136,2020-03-17,09:48:04,257862528,shuraimmmm,Shuraim Basir,,I‚Äôm on a Stay home notice eversince I got back and my mom is like leaving frozen food and other groceries at my door step so that I don‚Äôt go hungry üòÇüòÇ I FEEL LIKE A MONSTER,en,[],[],[],0,0,3,[],https://twitter.com/Shuraimmmm/status/1239730187278811136,0,[],"['stay', 'home', 'notic', 'eversinc', 'got', 'back', 'mom', 'like', 'leav', 'frozen', 'food', 'groceri', 'door', 'step', 'go', 'hungri', 'feel', 'like', 'monster']",I‚Äôm on a Stay home notice eversince I got back and my mom is like leaving frozen food and other groceries at my door step so that I don‚Äôt go hungry :face_with_tears_of_joy::face_with_tears_of_joy: I FEEL LIKE A MONSTER
73,1239573115346153476,1239560331237572608,2020-03-16,23:23:55,934547628,shakilasiraj,S S,,"@thebuzzards3 Hey thanks , but still I will have the STAY HOME NOTICE 2 weeks I suppose",en,[],[],[],0,0,0,[],https://twitter.com/shakilasiraj/status/1239573115346153476,0,[],"['hey', 'thank', 'still', 'stay', 'home', 'notic', 'week', 'suppos']","@thebuzzards3 Hey thanks , but still I will have the STAY HOME NOTICE 2 weeks I suppose"
74,1239383967947784192,1239383967947784192,2020-03-16,10:52:19,2240421060,theshutterwhale,Mark Chua,"{'type': 'Point', 'coordinates': [1.2800945, 103.8509491]}",List of Countries/Regions with Mandatory 14-Day Stay-Home Notice (SHN) for Singapore Residents and Long-Term Pass Holders upon Return   https://t.co/8ZnQD7hek2  #news #travel #singapore #sg #covid19 #virus,en,[],['https://theshutterwhale.com/blog/2020/3/16/list-of-countriesregions-with-mandatory-14-day-stay-home-notice-shn-for-singapore-residents-and-long-term-pass-holders-upon-return'],[],0,0,0,"['news', 'travel', 'singapore', 'sg', 'covid19', 'virus']",https://twitter.com/theshutterwhale/status/1239383967947784192,0,[],"['list', 'mandatori', 'notic', 'shn', 'singapor', 'resid', 'pass', 'holder', 'upon', 'return']",List of Countries/Regions with Mandatory 14-Day Stay-Home Notice (SHN) for Singapore Residents and Long-Term Pass Holders upon Return   https://t.co/8ZnQD7hek2  #news #travel #singapore #sg #covid19 #virus
75,1239334534841118720,1239328825466486784,2020-03-16,07:35:53,20516440,tmllr,Tom Miller,,"Much of the other social distancing procedures have been done through employers. Employers are in a lot of ways responsible for their employee‚Äôs well-being and compliance. If your employee gets sick or has a stay-at-home notice, you need to provide paid leave and meal delivery.",en,[],[],[],1,0,0,[],https://twitter.com/tmllr/status/1239334534841118720,0,[],"['much', 'social', 'distanc', 'procedur', 'done', 'employ', 'employ', 'lot', 'way', 'respons', 'employe', 'complianc', 'employe', 'get', 'sick', 'notic', 'need', 'provid', 'paid', 'leav', 'meal', 'deliveri']","Much of the other social distancing procedures have been done through employers. Employers are in a lot of ways responsible for their employee‚Äôs well-being and compliance. If your employee gets sick or has a stay-at-home notice, you need to provide paid leave and meal delivery."
77,1239178812849639427,1239178812849639427,2020-03-15,21:17:06,257862528,shuraimmmm,Shuraim Basir,,WAH FUCK I KENA STAY HOME NOTICE BY MY COMPANY. WORK FROM HOME WAHLANNN,en,[],[],[],0,0,0,[],https://twitter.com/Shuraimmmm/status/1239178812849639427,0,[],"['wah', 'fuck', 'kena', 'stay', 'home', 'notic', 'compani', 'work', 'home', 'wahlannn']",WAH FUCK I KENA STAY HOME NOTICE BY MY COMPANY. WORK FROM HOME WAHLANNN
78,1239140223742697472,1239140223742697472,2020-03-15,18:43:46,960357872998612992,harryc_realtor,Harry Chong Kok Ee,,"#Singapore 11.59pm on March 16, all travellers entering SG with recent travel history to ASEAN countries, Japan, Switzerland or the UK within the last 14 days will be issued a 14-day stay-home notice.   https://t.co/1s5HNj1D9K  #covid19sg #covid19asean  https://t.co/w1t2dpLBmJ",en,[],['https://www.straitstimes.com/singapore/singapore-residents-advised-to-defer-all-non-essential-travel-for-next-30-days-as-part-of'],['https://pbs.twimg.com/media/ETJPdSSU0AML0Bt.jpg'],0,0,0,"['singapore', 'covid19sg', 'covid19asean']",https://twitter.com/HarryC_Realtor/status/1239140223742697472,1,[],"['march', 'travel', 'enter', 'sg', 'recent', 'travel', 'histori', 'asean', 'countri', 'japan', 'switzerland', 'uk', 'within', 'last', 'day', 'issu', 'notic']","#Singapore 11.59pm on March 16, all travellers entering SG with recent travel history to ASEAN countries, Japan, Switzerland or the UK within the last 14 days will be issued a 14-day stay-home notice.   https://t.co/1s5HNj1D9K  #covid19sg #covid19asean  https://t.co/w1t2dpLBmJ"
79,1239136167100022785,1239136167100022785,2020-03-15,18:27:38,26797204,9d9m,Adam-Francis üéó,,I cannot afford to be issued a Stay-home notice if I continue my trip back to the Philippines. üòîüíî,en,[],[],[],0,0,0,[],https://twitter.com/9d9m/status/1239136167100022785,0,[],"['afford', 'issu', 'notic', 'continu', 'trip', 'back', 'philippin']",I cannot afford to be issued a Stay-home notice if I continue my trip back to the Philippines. :pensive_face::broken_heart:
81,1239133538902917120,1239133538902917120,2020-03-15,18:17:12,785063250043998208,gavin_kelleher,Gavin Kelleher,,"Singapore has finally imposed a 2 week Stay Home Notice (SHN) on travel from the UK, which was completely forseeable but still weirdly unnerving  https://t.co/KC4BbyO3Kg",en,[],[],['https://pbs.twimg.com/media/ETJJYmxUEAEmEp_.jpg'],0,0,1,[],https://twitter.com/gavin_kelleher/status/1239133538902917120,1,[],"['singapor', 'final', 'impos', 'week', 'stay', 'home', 'notic', 'shn', 'travel', 'uk', 'complet', 'forseeabl', 'still', 'weirdli', 'unnerv']","Singapore has finally imposed a 2 week Stay Home Notice (SHN) on travel from the UK, which was completely forseeable but still weirdly unnerving  https://t.co/KC4BbyO3Kg"
82,1235202243600629762,1235202240958218242,2020-03-04,21:55:38,327197191,sgsportshub,Singapore Sports Hub,,"Individuals who are feeling unwell, on Leave of Absence or Stay-Home Notice, or have recent travel history to mainland China, Iran, northern Italy* or the Republic of Korea will also be refrained from entering the venue.",en,[],[],[],1,2,0,[],https://twitter.com/SGSportsHub/status/1235202243600629762,0,[],"['individu', 'feel', 'unwel', 'leav', 'absenc', 'notic', 'recent', 'travel', 'histori', 'mainland', 'china', 'iran', 'northern', 'itali', 'republ', 'korea', 'also', 'refrain', 'enter', 'venu']","Individuals who are feeling unwell, on Leave of Absence or Stay-Home Notice, or have recent travel history to mainland China, Iran, northern Italy* or the Republic of Korea will also be refrained from entering the venue."
83,1232608326757670912,1232608326757670912,2020-02-26,18:08:20,3193232525,desireepakiam,Desiree,,"Man loses PR status, barred from re-entering Singapore after breaching Stay-Home Notice  https://t.co/XtRsbMF22B",en,[],['https://www.channelnewsasia.com/news/singapore/covid19-coronavirus-pr-stay-home-notice-barred-12471954#.XlZDjRikKdw.twitter'],[],0,0,0,[],https://twitter.com/desireepakiam/status/1232608326757670912,0,[],"['man', 'lose', 'pr', 'statu', 'bar', 'singapor', 'breach', 'notic']","Man loses PR status, barred from re-entering Singapore after breaching Stay-Home Notice  https://t.co/XtRsbMF22B"
84,1232573924195459072,1232570668740333568,2020-02-26,15:51:38,10872822,sehof,Sense Hofstede,,"Coronavirus: Singapore Permanent Resident who breached stay-home notice stripped of PR status, barred from re-entering - The Straits Times  https://t.co/nYwPuZDVNf",en,[],['https://www.straitstimes.com/singapore/coronavirus-singapore-permanent-resident-who-breached-stay-home-notice-stripped-of-pr?xtor=CS3-18&utm_source=STiPhone&utm_medium=share&utm_term=2020-02-26%2015%3A02%3A09'],[],0,1,1,[],https://twitter.com/sehof/status/1232573924195459072,0,[],"['coronaviru', 'singapor', 'perman', 'resid', 'breach', 'notic', 'strip', 'pr', 'statu', 'bar', 'strait', 'time']","Coronavirus: Singapore Permanent Resident who breached stay-home notice stripped of PR status, barred from re-entering - The Straits Times  https://t.co/nYwPuZDVNf"
