Unnamed: 0,Unnamed: 0.1,id,date,time,Comments,hashtags,num_words,Topic,Length,Length Category,Average Loglikelihood,Num Verbs,Num Discourse Relations,Num Pronouns,Relevance score,Relevance Score Category,actionable,valuable
0,0,1.36e+18,25/2/21,6:53:20,@mtgreenee I think a plastic box around your head would keep you safer than the face mask.  Would you consider it?  That way nobody could hear your nonsense. We just see you lips moving.  Of course wear oven mitts too.  https://t.co/ubjxYzfHV8,[],39,Mask,39,2,-11.960595820297069,7,0,5,2.2961856974117314,0,0,0.0
1,1,1.36e+18,25/2/21,4:22:53,Which face mask is best for communication? A new study weighs in   https://t.co/dBTrGG3c27,[],12,Mask,12,1,-12.458246556105808,1,0,0,5.457162866634497,1,0,0.0
2,3,1.36e+18,24/2/21,12:29:43,Fourth round of free face mask distribution in Singapore to start on 1 March ‚Äì Yahoo News SG  https://t.co/82px7uLAm3,[],16,Mask,17,1,-13.196925833978844,1,0,0,2.6650403464498162,0,0,0.0
3,4,1.36e+18,24/2/21,11:39:55,Fourth round of free face mask distribution to start on 1 Mar  https://t.co/M2OMvtHTAZ via @yahoosg,[],12,Mask,13,1,-13.899216568493838,1,0,0,3.9602983280776614,0,0,0.0
4,6,1.36e+18,24/2/21,8:17:21,I like wearing a face mask. It keeps my nose warm,[],11,Mask,11,1,-10.863830962737948,3,0,1,11.665983546690189,2,0,0.0
5,7,1.36e+18,23/2/21,22:23:58,Just walked up to a male  stranger at NTUC FairPrice and told him to wear a face mask. He didn't even have a mask on his chin. He was apologetic about it.... üôÑüôÑ #Covid_19 #facemasks,"['covid_19', 'facemasks']",31,Mask,32,2,-11.474708354734627,6,1,0,4.231424181882028,0,0,1.0
6,9,1.36e+18,23/2/21,11:36:12,"Olay guys hear me out, should I purchase a cactus jack face mask for $60?",[],14,Mask,15,1,-12.674730669330833,2,0,2,5.457162866634496,1,1,0.0
7,10,1.36e+18,23/2/21,2:00:29,"They say ""grow old gracefully"" I say ""you don't have to look like a baseball mitt while you do""  #doublemask #doublemasking #facemask #selfcare #monday  https://t.co/vdDtCi9Oxj","['doublemask', 'doublemasking', 'facemask', 'selfcare', 'monday']",18,Mask,19,1,-14.174264085355299,7,1,2,5.935336984493654,1,0,0.0
8,12,1.36e+18,22/2/21,13:51:00,@herdadwiana No facemask. Use leaf to cover insteas since camo on already.,[],11,Mask,11,1,-14.315269200414411,1,0,0,4.991667259050439,0,0,0.0
9,13,1.36e+18,22/2/21,13:42:50,If I wear face mask. I really hope next iPhones will have Touch ID (3 ways of unlocking),[],17,Mask,18,1,-11.681074386639455,4,1,1,6.937429720902992,1,0,0.0
10,14,1.36e+18,22/2/21,12:30:14,Then must wear face mask also uh? :/,[],7,Mask,7,0,-12.673646099850318,1,1,0,17.783839062238727,2,0,0.0
11,16,1.36e+18,22/2/21,9:13:08,Today I learned it‚Äôs a bad idea to go straight outside in the morning with a face mask before you‚Äôve brushed your teeth,[],25,Mask,23,1,-10.70507200148961,4,0,2,4.596329802724593,0,0,0.0
12,20,1.36e+18,21/2/21,13:27:28,@azrielcb Is that a face mask?,[],5,Mask,5,0,-11.974877917872691,1,0,0,11.665983546690189,2,0,0.0
13,23,1.36e+18,21/2/21,2:23:20,"Clear photos of the coup soldier (with facemask pulled down) who shot at civilians in Mandalay, killing at least two and injuring several others.  #Feb20Coup #WhatsHappeninglnMyanmar #SaveMyanmar","['feb20coup', 'whatshappeninglnmyanmar', 'savemyanmar']",24,Mask,24,1,-12.73158978804657,4,1,0,3.7593889874801363,0,0,0.0
14,24,1.36e+18,21/2/21,1:47:50,"Clear photos of the coup soldier (with facemask pulled down) who shot at civilians in Mandalay, killing at least two and injuring several others.  #Feb20Coup #WhatsHappeninglnMyanmar #SaveMyanmar","['feb20coup', 'whatshappeninglnmyanmar', 'savemyanmar']",24,Mask,24,1,-12.73158978804657,4,1,0,3.7593889874801363,0,0,0.0
15,25,1.36e+18,21/2/21,1:38:32,"Clear photos of the coup soldier (with facemask pulled down) who shot at civilians in Mandalay, killing at least two and injuring several others.  #Feb20Coup #WhatsHappeninglnMyanmar #SaveMyanmar","['feb20coup', 'whatshappeninglnmyanmar', 'savemyanmar']",24,Mask,24,1,-12.73158978804657,4,1,0,3.7593889874801363,0,0,0.0
16,27,1.36e+18,20/2/21,16:05:58,"üéô Ep 4: Maskne, the Skin Microclimate, &amp; Photoprotection  Learn about the specific skin microclimate that wearing a face mask creates, and how it poses specific challenges in sun protection.   Spotify:  https://t.co/O9BckJQivO Apple:  https://t.co/6cMBoWnN3R #ScienceofBeauty",['scienceofbeauty'],29,Mask,31,2,-15.012906237493583,2,1,0,1.8512716453380769,0,0,0.0
17,33,1.36e+18,12/2/21,11:57:38,@nervousfag @LividEye It‚Äôs called a face mask bracket.  https://t.co/J3KBGx0cu7,[],7,Mask,6,0,-14.801885926367637,1,0,0,5.457162866634497,1,0,0.0
18,34,1.36e+18,12/2/21,11:55:16,@LividEye @nervousfag Can try to put this under your fabric face masks to help u breathe better. I always use it if I need to do a verbal presentation in front of my bosses. Can talk without sucking in the face mask  https://t.co/deVAvIoy3l,[],40,Mask,40,2,-12.034492225738463,10,1,3,2.7860298083616444,0,0,0.0
19,35,1.36e+18,10/2/21,14:06:37,"""Brand New Kids Cloth Face Mask"" in #Singapore #Singapore  https://t.co/k1v79v5Dlt #zerowaste #free","['singapore', 'singapore', 'zerowaste', 'free']",7,Mask,7,0,-16.38244811982349,0,0,0,3.1431146604798186,0,0,0.0
20,38,1.36e+18,3/2/21,20:07:05,"""New face mask neck straps"" in #Singapore #Singapore  https://t.co/euYjCImyxC #zerowaste #free","['singapore', 'singapore', 'zerowaste', 'free']",6,Mask,6,0,-15.348789945405297,0,0,0,3.555999642852843,0,0,0.0
21,39,1.36e+18,2/2/21,20:01:59,Apple should extract this Apple Watch/Face ID/Face Mask feature and make it a point release on iOS 14.4 and watchOS 7.3.   It‚Äôs fantastic.,[],24,Mask,27,2,-12.278546744240602,3,1,0,5.262855629359139,1,1,0.0
22,40,1.36e+18,1/2/21,11:44:06,"wait, why would someone who wears niqab; put their facemask outside? its meant to be inside th niqab right?",[],19,Mask,19,1,-12.172074156291874,3,0,0,7.276823467874336,1,0,0.0
23,45,1.35e+18,20/1/21,15:50:46,SUPERDUPER  disposable face masks  SECTS SHOP ORCHARDGATEWAY 04-14  #superduper  #sectsshop #Ê≠¶ÊûóÂ§ß‰ºö #orchardgateway #orchardroad #singapore  #ss21  #facemask  #streetwear  #streetfits @ orchardgateway  https://t.co/5YUSL4KGna,"['superduper', 'sectsshop', 'Ê≠¶ÊûóÂ§ß‰ºö', 'orchardgateway', 'orchardroad', 'singapore', 'ss21', 'facemask', 'streetwear', 'streetfits']",8,Mask,9,0,-21.785473420869696,0,0,0,3.4474264654798734,0,0,0.0
24,46,1.35e+18,20/1/21,15:50:15,SUPERDUPER  disposable face masks  SECTS SHOP ORCHARDGATEWAY 04-14  #superduper  #sectsshop #Ê≠¶ÊûóÂ§ß‰ºö #orchardgateway #orchardroad #singapore  #ss21  #facemask  #streetwear  #streetfits @ SECTS SHOP  https://t.co/lhhqnlrY5j,"['superduper', 'sectsshop', 'Ê≠¶ÊûóÂ§ß‰ºö', 'orchardgateway', 'orchardroad', 'singapore', 'ss21', 'facemask', 'streetwear', 'streetfits']",9,Mask,10,0,-21.914575632051502,0,0,0,3.179529995804942,0,0,0.0
25,47,1.35e+18,20/1/21,15:49:40,SUPERDUPER  disposable face masks for kids   SECTS SHOP ORCHARDGATEWAY 04-14  #superduper  #sectsshop #Ê≠¶ÊûóÂ§ß‰ºö #orchardgateway #orchardroad #singapore  #ss21  #facemask  #streetwear  #streetfits @ Orchard Road  https://t.co/K3JPuW6ZF2,"['superduper', 'sectsshop', 'Ê≠¶ÊûóÂ§ß‰ºö', 'orchardgateway', 'orchardroad', 'singapore', 'ss21', 'facemask', 'streetwear', 'streetfits']",11,Mask,12,1,-20.55525904091073,0,0,0,2.4953374370786223,0,0,0.0
26,48,1.35e+18,20/1/21,15:48:54,SUPERDUPER  disposable face masks for kids   SECTS SHOP ORCHARDGATEWAY 04-14  #superduper  #sectsshop #Ê≠¶ÊûóÂ§ß‰ºö #orchardgateway #orchardroad #singapore  #ss21  #facemask  #streetwear  #streetfits @ Orchard Road  https://t.co/CNYn6hyvoi,"['superduper', 'sectsshop', 'Ê≠¶ÊûóÂ§ß‰ºö', 'orchardgateway', 'orchardroad', 'singapore', 'ss21', 'facemask', 'streetwear', 'streetfits']",11,Mask,12,1,-20.55525904091073,0,0,0,2.4953374370786223,0,0,0.0
27,49,1.35e+18,20/1/21,15:15:14,"""New face mask neck straps"" in #Singapore #Singapore  https://t.co/FG1CH5RbN7 #zerowaste #free","['singapore', 'singapore', 'zerowaste', 'free']",6,Mask,6,0,-15.348789945405297,0,0,0,3.555999642852843,0,0,0.0
28,51,1.35e+18,15/1/21,17:39:11,#sheersecret #night and  #day #treatment #facemask #cream buy gets #sheersecretsg #free #cookiezbitez @ BUGIS CUBE  https://t.co/T4qJumPcFB,"['sheersecret', 'night', 'day', 'treatment', 'facemask', 'cream', 'sheersecretsg', 'free', 'cookiezbitez']",5,Mask,5,0,-17.059456942803887,2,0,0,3.3364028697212285,0,0,0.0
29,54,1.35e+18,9/1/21,0:36:26,"Ended work, did a workout took a nice shower face mask greys anatomy in comfy PJs and this weather. Damn this Friday evening has been everything",[],26,Mask,26,2,-12.769567849723108,6,1,0,2.2251079606856328,0,0,0.0
30,56,1.35e+18,6/1/21,23:40:32,"""Face mask chain holder"" in #Singapore #Singapore  https://t.co/iQBphTi9zC","['singapore', 'singapore']",5,Mask,5,0,-15.34419893674148,0,0,0,4.787438897018873,0,0,0.0
31,59,1.34e+18,30/12/20,15:21:14,felt like shit this morning but @apnedostokijaan gave me his homemade face mask  https://t.co/cGr0RRXz62,[],12,Mask,12,1,-13.870896278034074,1,1,1,5.457162866634497,1,0,0.0
32,60,1.34e+18,22/12/20,10:13:23,This muji facemask is so nice much more comfortable than the uniqlo one,[],13,Mask,13,1,-12.610321446179578,1,0,0,12.730889539401831,2,0,0.0
33,61,1.34e+18,20/12/20,14:02:01,"The fashion section for masks, never ceases to amaze. We truly are in a new Century #facemask #fashion  https://t.co/yy1TJSrhM1","['facemask', 'fashion']",16,Mask,16,1,-12.925299271018263,3,0,0,6.300966803110867,1,0,0.0
34,67,1.34e+18,5/12/20,19:45:38,I just saw a guy take his face mask off to sneeze.,[],12,Mask,12,1,-10.575535974347982,4,0,0,18.688196777648535,2,0,0.0
35,70,1.33e+18,1/12/20,17:44:41,Got our free reusable face mask! Thank you Singapore! #SGUnited,['sgunited'],9,Mask,9,0,-12.86515432742885,0,0,2,6.388380077473047,1,0,0.0
36,71,1.33e+18,1/12/20,10:36:08,"Btw kan tasha nak letgo my preloved skincare, harga murmur je include postage and ofc lah ada freegifts jugeksss üç´üç´  Pbyso cleanser -100% left Pbyso face mask &amp; scrub -100% left Iunik tea tree serum -100% left  Dom moisturizer - 98% left (used twice) Kiehls cleanser - 70% left  https://t.co/JUAJbYhq8G",[],40,Mask,48,2,-19.680577004356156,10,1,1,0.9241413059953731,0,0,0.0
37,72,1.33e+18,28/11/20,19:34:37,Drop ur pics in face mask üò∑  https://t.co/Oap6AfuC3i,[],6,Mask,6,0,-15.651855412805174,0,0,0,5.457162866634495,1,0,0.0
38,73,1.33e+18,26/11/20,1:26:57,A different kinda mask before bed! &amp; y‚Äôall don‚Äôt wanna know what it‚Äôs made of... G‚Äônite! üòÇüòÖüòùüé≠ ‚Ä¢ #facemask #goodnight #bedtime #yoloswag #fly #lifegoalsüíØ #nofilter #randomthings #onfleek #goodvibes @ Singapore  https://t.co/dPBSeP9hY6,"['facemask', 'goodnight', 'bedtime', 'yoloswag', 'fly', 'lifegoals', 'nofilter', 'randomthings', 'onfleek', 'goodvibes']",20,Mask,17,1,-16.31763588306718,2,0,0,2.497918977924124,0,0,0.0
39,74,1.33e+18,25/11/20,23:10:46,My grab driver is wearing a ‚Äújoker‚Äù face mask. Terperanjat aku bila dia pusing nak tanya wether my destination is correct or notüòÖ,[],23,Mask,23,1,-15.592879316567576,4,1,1,2.982710932029284,0,0,0.0
40,77,1.33e+18,22/11/20,17:53:55,Just had a dream where I apologise to people nearby when I realised I wasn‚Äôt wearing a face mask.,[],20,Mask,19,1,-10.89730497260074,5,1,1,6.4252405418465175,1,0,0.0
41,78,1.33e+18,19/11/20,23:10:30,"""Reusable adult cloth face mask(brand new) "" in #Singapore #Singapore  https://t.co/m9WpNRKenc #zerowaste #free","['singapore', 'singapore', 'zerowaste', 'free']",8,Mask,8,0,-15.577121239094314,0,0,0,4.085362524400067,0,0,0.0
42,79,1.33e+18,19/11/20,20:55:33,"""Reusable child cloth face mask(brand new) "" in #Singapore #Singapore  https://t.co/CfXvLEnaPM #zerowaste #free","['singapore', 'singapore', 'zerowaste', 'free']",8,Mask,8,0,-15.441612485048253,0,0,0,4.085362524400067,0,0,0.0
43,80,1.33e+18,19/11/20,20:53:03,"""Reusable child cloth face mask(brand new) "" in #Singapore #Singapore  https://t.co/WXzIwGVggi #zerowaste #free","['singapore', 'singapore', 'zerowaste', 'free']",8,Mask,8,0,-15.441612485048253,0,0,0,4.085362524400067,0,0,0.0
44,81,1.33e+18,19/11/20,19:08:14,Splurge on a 5 layer waterproof tech face mask with magnetic strap. Can‚Äôt wait for it ü§©ü§©.  https://t.co/3WKtFN172o,[],16,Mask,16,1,-13.392167348549709,0,0,0,3.960298328077661,0,0,0.0
45,86,1.32e+18,31/10/20,18:26:15,Our costume: halloween face mask! üò∑ üéÉüëªü§£ @caezarlegaspi #spectacularhalloween üëÄ @ Universal Studios Singapore  https://t.co/4ll9C61OqQ,['spectacularhalloween'],8,Mask,8,0,-16.695149852329152,0,0,0,3.796346120921135,0,0,0.0
46,87,1.32e+18,27/10/20,18:25:58,New haircut and face mask in time for #Nanowrimo2020.  I should stop talking further.  https://t.co/QA1yyNnm3b,['nanowrimo2020'],13,Mask,13,1,-12.09894486021291,2,1,1,5.253317758930844,1,1,0.0
47,89,1.32e+18,22/10/20,14:47:29,@hudasalleh2565 @fordlynxrs Can ventureout ...but follow these 3:  Face mask Wash hands always Social distancing,[],12,Mask,13,1,-15.543534790145399,3,1,0,3.960298328077661,0,0,0.0
48,90,1.32e+18,17/10/20,12:35:30,"Twinning Face Mask  Thanks @temasekfoundation for giving out free reusable masks for the past months.  Enjoy your weekend, #Everyone! @ Singapore  https://t.co/kOacTAvah8",['everyone'],18,Mask,18,1,-14.052795828980724,2,0,1,2.6906830220769415,0,0,0.0
49,91,1.32e+18,14/10/20,0:07:39,Nice gift waiting for when I arrived back to my room from dinner. Amenities bag with accessories and a personalised Face Mask üò∑ Thank you #shangrilasg #staycation2020 @ShangriLaSG  https://t.co/JLjTzJkPhT,"['shangrilasg', 'staycation2020']",24,Mask,24,1,-14.013207070063308,3,2,2,2.7730797660058157,0,0,0.0
50,92,1.31e+18,10/10/20,10:17:00,Get out and get moving today! Let‚Äôs stay vigilant and look out for each other with the safe management measures implemented üòÑüëåüèº  ‚úîÔ∏è Practise safe distancing  ‚úîÔ∏è Use contact tracing via SafeEntry  ‚úîÔ∏è Undergo temperature screening  ‚úîÔ∏è Wear face mask when resting  https://t.co/gqwuheMgwn,[],38,Mask,37,2,-13.824757387382057,8,3,0,1.9489463457522773,0,0,0.0
51,94,1.31e+18,9/10/20,12:20:38,No product in my hair today. Had to give it a break. #noproductinhairdontcare #fridaze #workvibes #grind #horangi #teamhorangi #tigers #facemask #wearamask @ Singapore  https://t.co/Y5aplNgmlp,"['noproductinhairdontcare', 'fridaze', 'workvibes', 'grind', 'horangi', 'teamhorangi', 'tigers', 'facemask', 'wearamask']",13,Mask,13,1,-15.303908779374137,2,0,1,3.618548888187992,0,0,0.0
52,95,1.31e+18,9/10/20,11:15:26,Police: Not necessary to wear face mask at petrol station  https://t.co/0KgLephjGf,[],10,Mask,10,0,-13.926396441000987,1,0,0,5.457162866634498,1,0,0.0
53,96,1.31e+18,7/10/20,17:49:32,Why do people say 'face mask'? Isn't that like saying 'foot shoe' or 'head hat'?,[],14,Mask,15,1,-14.845088459804758,3,1,0,11.665983546690187,2,0,0.0
54,103,1.31e+18,3/10/20,18:02:28,Work sent us some dope facemasks. #horangi #teamhorangi #tigers #innovatewithoutfear #facemask #hoodie #workfromhome #singaporelife @ Singapore  https://t.co/hC5PYi3JG2,"['horangi', 'teamhorangi', 'tigers', 'innovatewithoutfear', 'facemask', 'hoodie', 'workfromhome', 'singaporelife']",7,Mask,7,0,-18.08805996272836,1,0,1,4.797510548076111,0,0,0.0
55,106,1.31e+18,1/10/20,23:18:43,my face mask stings and i love it,[],8,Mask,8,0,-11.650695958235534,1,1,1,11.665983546690189,2,0,0.0
56,107,1.31e+18,27/9/20,18:31:57,"Comes with fries and coleslaw. #jollibeesingapore‚ù§Ô∏è #facemask #reusablemask #jollibee #filipino #spaghetti #chickenjoy @ Jollibee, Paya Lebar Mall  https://t.co/bN9Hn3mOZt","['jollibeesingapore', 'facemask', 'reusablemask', 'jollibee', 'filipino', 'spaghetti', 'chickenjoy']",9,Mask,9,0,-18.897740710282473,0,1,0,2.896381216891937,0,0,0.0
57,110,1.31e+18,21/9/20,15:00:52,The thing that I'm amazed with Singapore is they have vending machine to collect face mask just scanned your ID and it's free and washable !!  https://t.co/7WonLTdS6d,[],23,Mask,25,1,-12.29727855321749,6,1,1,4.402173091750265,0,0,0.0
58,111,1.31e+18,21/9/20,11:06:29,New promotion for face masküò∑üò∑ RM 15/Colour RM17  10 box above available for term  40 box above available term to new customer  https://t.co/DSUebg2Hdt,[],19,Mask,23,1,-14.096471476259122,0,0,0,3.7679307701225797,0,0,0.0
59,112,1.31e+18,20/9/20,22:48:21,Don‚Äôt forget your face mask! @ Sunway Big Box  https://t.co/NO0rBxxGgB,[],9,Mask,8,0,-14.82137018650766,1,0,1,4.596329802724594,0,0,0.0
60,113,1.31e+18,20/9/20,0:22:17,I need rest from all kind of face mask... especially N95!   My nose bruise... GOSHHH! Hahahaha,[],15,Mask,16,1,-12.898922803831166,1,0,0,5.457162866634495,1,0,0.0
61,114,1.31e+18,18/9/20,3:24:37,@iamkarendavila safe distancing inside the public transport here in Singapore were already lifted after the circuit breaker which is around first week of june. face shield is not a requirement here but face mask is mandatory. talking with each other and answering calls are being discouraged.,[],45,Mask,45,2,-11.442787406243436,11,2,0,2.2100907344594045,0,0,0.0
62,118,1.3e+18,11/9/20,8:27:26,CNA: Battery-powered face mask seeks to fight COVID-19 and foggy glasses.  https://t.co/vHIlZoGV7K  via @GoogleNews,[],11,Mask,12,1,-15.73887431755329,2,1,0,5.457162866634495,1,0,0.0
63,120,1.3e+18,10/9/20,13:28:04,Good to meet my colleague @GermanyinSGP It‚Äôs great to work with my fellow ambassador from the country next to the Netherlands in the EU üá™üá∫. I love his face mask üò∑  Diplomacy in #covid19 times  https://t.co/cNSbp67hRH,['covid19'],32,Mask,31,2,-11.60543275218069,3,1,1,2.9827109320292844,0,0,0.0
64,124,1.3e+18,6/9/20,23:09:08,"Sorry, you just missed him . #callbacklater #newnormal #facemask #xmarksthespot #socialdistancing @ Singapore  https://t.co/fmJO1U5VKT","['callbacklater', 'newnormal', 'facemask', 'xmarksthespot', 'socialdistancing']",6,Mask,6,0,-16.65028830208297,1,0,1,8.93548039725963,1,0,0.0
65,125,1.3e+18,6/9/20,23:08:53,"Sorry, you just missed him . #callbacklater #newnormal #facemask #xmarksthespot #socialdistancing @ Singapore  https://t.co/0g1EZC8hSq","['callbacklater', 'newnormal', 'facemask', 'xmarksthespot', 'socialdistancing']",6,Mask,6,0,-16.65028830208297,1,0,1,8.93548039725963,1,0,0.0
66,126,1.3e+18,6/9/20,23:08:39,"Sorry, you just missed him . #callbacklater #newnormal #facemask #xmarksthespot #socialdistancing @ Singapore  https://t.co/vXyj5pwdt4","['callbacklater', 'newnormal', 'facemask', 'xmarksthespot', 'socialdistancing']",6,Mask,6,0,-16.65028830208297,1,0,1,8.93548039725963,1,0,0.0
67,127,1.3e+18,6/9/20,23:08:24,"Sorry, you just missed him . #callbacklater #newnormal #facemask #xmarksthespot #socialdistancing @ Singapore  https://t.co/HUAy3TOa0G","['callbacklater', 'newnormal', 'facemask', 'xmarksthespot', 'socialdistancing']",6,Mask,6,0,-16.65028830208297,1,0,1,8.93548039725963,1,0,0.0
68,128,1.3e+18,6/9/20,23:08:09,"Sorry, you just missed him . #callbacklater #newnormal #facemask #xmarksthespot #socialdistancing @ Singapore  https://t.co/97UCBkZSLr","['callbacklater', 'newnormal', 'facemask', 'xmarksthespot', 'socialdistancing']",6,Mask,6,0,-16.65028830208297,1,0,1,8.93548039725963,1,0,0.0
69,129,1.3e+18,6/9/20,23:07:53,"Sorry, you just missed him . #callbacklater #newnormal #facemask #xmarksthespot #socialdistancing @ Singapore  https://t.co/jrIJSAvKz6","['callbacklater', 'newnormal', 'facemask', 'xmarksthespot', 'socialdistancing']",6,Mask,6,0,-16.65028830208297,1,0,1,8.93548039725963,1,0,0.0
70,131,1.3e+18,4/9/20,15:00:48,Ending the work week with a beauty haul from  https://t.co/lqJlEDQjdQ commonlabs_singapore on shopee_sg ! . I really love the Commonlabs Vitamin C Glow Boosting Face Mask that I tried from a consumer test conducted by  https://t.co/lqJlEDQjdQ‚Ä¶  https://t.co/bAWfUMkgbP,[],30,Mask,32,2,-14.264149959555516,4,0,1,2.0383846916309802,0,0,0.0
71,134,1.3e+18,1/9/20,23:10:39,Start the day with a smile üòÑ and end it with a face mask! üßñüèº‚Äç‚ôÄÔ∏è   Me time at night is always a great time to have some self-care and mask!  And I‚Äôve gotten to know about the latest mask which has botox infused!‚Ä¶  https://t.co/WRojx8wtiD,[],41,Mask,41,2,-11.103836748703403,8,2,0,3.576257593607726,0,0,1.0
72,135,1.3e+18,1/9/20,16:04:50,"Someone better remind Santa about the face mask and SafeEntry QR Codes...  And no rush, kids.. Santa will be quarantined for 14 days....  #santaclaus #quarantine @ Singapore  https://t.co/f0qrs439gc","['santaclaus', 'quarantine']",23,Mask,24,1,-14.501504862797109,3,1,0,2.1613136594131417,0,0,0.0
73,137,1.3e+18,30/8/20,20:02:59,"Self-care Sunday with the foreo_sg UFO &amp; Glow Addict Brightening Face Mask, followed by a short micro needle session and ending with a Rose Quartz face roller to calm my face down - surrounded by a few selected‚Ä¶  https://t.co/AiNDz0JdBS",[],34,Mask,38,2,-14.658642933800381,6,1,1,1.983667541311064,0,0,0.0
74,144,1.3e+18,22/8/20,22:50:29,@smilingeasy That is just bonkers.. Coded message via her face mask?üòÇüòÇüòÇüòÇ What other conspiracy theory will they think of next? Such desperation to make 'news' out of nothing. Total nutter.ü•¥üò£üôÑ,[],29,Mask,29,2,-12.470079017648205,4,0,0,3.472163498598071,0,0,0.0
75,145,1.3e+18,22/8/20,3:02:25,"..long before corona virus doesn't exist, we used to wear face mask and rubber gloves to handling microchips.. 1994, ESEC Wire Bonder Technicians Crew of Astra Microtronics Batam #esecwirebonder @ Batamindo‚Ä¶  https://t.co/mgmUOhiWtR",['esecwirebonder'],27,Mask,29,2,-16.2420341564329,5,1,1,1.9489463457522775,0,0,0.0
76,146,1.3e+18,22/8/20,2:34:44,"Long..long time ago before corona virus doesn't exist, we used to wear face mask to handling bare microchip.  1994, the unforgetable moment when worked for Astra Microtronic Batam as a wire bond‚Ä¶  https://t.co/J72Gku3MQu",[],31,Mask,33,2,-13.743323084403247,4,1,1,2.6826692641936494,0,0,0.0
77,148,1.3e+18,21/8/20,8:19:25,"I can‚Äôt seem to find the relation or the scientific reasoning on why I can‚Äôt use anything on my ear, for instance spectacles or face mask. If not I‚Äôll experience intense neck tension and headache like wtf????",[],40,Mask,37,2,-11.463549882803107,4,2,2,1.9142427846992969,0,0,0.0
78,153,1.3e+18,17/8/20,6:58:48,"""Disposable children face mask"" in #Singapore #Singapore  https://t.co/PqUSrS1vEG #zerowaste #free","['singapore', 'singapore', 'zerowaste', 'free']",5,Mask,5,0,-15.755289262564006,1,0,0,5.9872915634982435,1,0,0.0
79,155,1.29e+18,15/8/20,11:00:54,Liquified Ink (blue and pink) Face #Mask  https://t.co/wO8pSBaWt7,['mask'],6,Mask,6,0,-16.562889884478075,2,1,0,6.681335131374754,1,0,0.0
80,156,1.29e+18,13/8/20,21:42:04,"Somebody put this Batik face mask on my desk when I was out for lunch. That so cute , we divided into 2 team, orange and blue - I am under orange team, allowed to come to office on odd date unless I submit a permit to emergency to come to office everyday for urgent works #covid19  https://t.co/Ot3LLmTfHW",['covid19'],53,Mask,55,3,-12.098424233238465,9,2,4,1.8512716453380778,0,0,0.0
81,157,1.29e+18,10/8/20,22:52:07,Cute design mask.. 3ply face mask for kids  Whatsapp   https://t.co/GI6vfRy7HE  Follow my ig: Abesbeli_shop  Price: RM12/10pcs RM50/50pcs  https://t.co/QPXnBJASsz,[],12,Mask,18,1,-18.076995962343684,0,0,1,2.808877711058637,0,0,0.0
82,158,1.29e+18,10/8/20,2:07:21,Visited Punggol Jetty today. Next time boleh pergi Pulau Ubin naik boat. Wearing #SGUnited facemask on #NDP2020 to show some support. #ExploringSingapore  https://t.co/Lb5P6R3SKG,"['sgunited', 'ndp2020', 'exploringsingapore']",19,Mask,19,1,-16.738578860029,3,0,0,2.20532102117184,0,0,0.0
83,159,1.29e+18,9/8/20,20:26:40,the best part of #NDP2020: pm lee‚Äôs relatable face mask troubles while singing the national anthem,['ndp2020'],16,Mask,15,1,-13.257859313267303,1,1,0,3.9602983280776614,0,0,0.0
84,161,1.29e+18,9/8/20,10:57:58,"Happy 55th National Day üá∏üá¨ . Face mask, Social Distancing + Wash hands, Check our temperature &amp; stay safe always ü§ó . #S2304 #infiniteimaginations #pantunism #singapore #ndp2020 @ Singapore  https://t.co/APhCY4iFMg","['s2304', 'infiniteimaginations', 'pantunism', 'singapore', 'ndp2020']",16,Mask,18,1,-16.474829279215346,2,0,1,1.8784168728093094,0,0,0.0
85,166,1.29e+18,1/8/20,21:04:13,Let's reach out for the skies‚úà‚úà #ndp2020  . Limited run NDP edition face mask from Pefore (my mom's collection) @ Sembawang  https://t.co/W1Myvnkdmk,['ndp2020'],16,Mask,18,1,-14.943604127091689,2,0,1,3.08606394726193,0,0,0.0
86,167,1.29e+18,1/8/20,20:40:55,Face mask vending machine. WhatsApp +8615968870089  https://t.co/yryXAH91eW,[],5,Mask,6,0,-16.113102981149513,1,0,0,6.681335131374754,1,0,0.0
87,174,1.29e+18,26/7/20,15:39:04,The earth throwback it's hatreds via COVID-19 to us. üåçüíî #mothernature #hatredfromearth #covid19 #facemask @ Marina Bay Puteri Habour  https://t.co/lv5FlLaICS,"['mothernature', 'hatredfromearth', 'covid19', 'facemask']",12,Mask,13,1,-17.20118419937301,0,0,0,4.294400419782347,0,0,0.0
88,178,1.29e+18,23/7/20,17:10:48,REASONS TO NOT WEAR A FACE MASK  https://t.co/XW4qh10lKy,[],7,Mask,7,0,-17.838579826487187,0,0,0,3.960298328077661,0,0,0.0
89,184,1.28e+18,18/7/20,19:43:36,With so many locations seeing a 2nd wave of COVID cases - lets all just wear masks and significantly reduce the transmission - remember by wearing a #mask you protect those around you as well as yourself! Don‚Äôt be selfish wear a #facemask and practice #SocialDistancing #COVID19,"['mask', 'facemask', 'socialdistancing', 'covid19']",41,Mask,43,2,-12.78761155268471,6,2,1,2.712806098131037,0,0,0.0
90,185,1.28e+18,17/7/20,0:56:22,"Gowns-Isolation, Sterile, Surgical gown.  FOB $0.6-1.68  CE and FDA certification.  #PPE #manufacture  #gowns #protectiveclothing #facemask  https://t.co/NiEORR2DIc","['ppe', 'manufacture', 'gowns', 'protectiveclothing', 'facemask']",8,Mask,12,1,-17.762547610479032,0,1,0,2.9937394971029385,0,0,0.0
91,186,1.28e+18,16/7/20,15:50:52,"Loved this, @ @1880singapore ‚Äî alongside my napkin &amp; cutlery, a paper bag for me to store my #facemask while dining. #1880singapore #singapore #privateclub #socialclub #sglife #dinner  https://t.co/UroMkpcM9L","['facemask', '1880singapore', 'singapore', 'privateclub', 'socialclub', 'sglife', 'dinner']",16,Mask,17,1,-16.09762596040267,3,1,2,4.294400419782347,0,0,0.0
92,188,1.28e+18,12/7/20,12:00:54,"Trump finally wearing a face mask in public shouldn‚Äôt be news but in today‚Äôs crazy world it‚Äôs not just news, it the TOP story!  https://t.co/Cp81XCuO1d",[],27,Mask,24,1,-11.40302845918848,2,2,0,2.2430349578253526,0,0,0.0
93,190,1.28e+18,9/7/20,23:27:27,Calosemi V-lift Face Mask ‚ú® 1 box $19.90 2 boxes $35 can mix and match with Hyaluronic Face Mask FREE courier above $40 total bill ‚ú®  #calosemi #calosemivlinemask #calosemisingapore #calosemisgteam @ Singapore  https://t.co/B8ijK2kPyg,"['calosemi', 'calosemivlinemask', 'calosemisingapore', 'calosemisgteam']",19,Mask,26,2,-16.758028216680895,2,1,0,2.3616196856050937,0,0,0.0
94,191,1.28e+18,8/7/20,15:18:00,"Be ‚ÄúPattern coordinated‚Äù when wearing üò∑ face mask, haha üòú and I try to get one that wears higher so when it does fog up the glasses it is only the upper half edge and not the entire glasses. üëç @ Marsiling, Singapore  https://t.co/2CL0eeSSL2",[],39,Mask,39,2,-12.181170608897764,9,2,1,2.5866978159850436,0,0,0.0
95,192,1.28e+18,4/7/20,6:54:32,#facemaskhack #001: Clever way of wearing the #facemask üò∑while sleeping in train.üëçüòú @ Canberra MRT Station  https://t.co/YNCuSV5yPK,"['facemaskhack', 'facemask']",12,Mask,12,1,-15.413053732749962,2,1,0,5.935336984493653,1,0,0.0
96,193,1.28e+18,2/7/20,20:30:46,"üòçWow i‚Äôm impressed the recent Temasek foundation free reusable face mask, is so comfortable and has good seal as the ear strap is adjustable, has good breathable fabric and definitely large enough for those with‚Ä¶  https://t.co/RsAUDQeiuB",[],36,Mask,35,2,-13.096621777026424,5,1,0,3.08606394726193,0,0,0.0
97,194,1.28e+18,2/7/20,12:23:13,2020‚Äôs free cardio level up: climbing / jogging stairs in face mask. Try it.,[],13,Mask,13,1,-13.419776102982075,3,0,0,6.681335131374757,1,0,0.0
98,195,1.28e+18,28/6/20,12:50:50,"Good morning Sunday!üåû Weekends are work days for most realtors in the world. But due to the global pandemic, wearing face mask is a new norm now. Conducting physical viewing of property require more stringent‚Ä¶  https://t.co/03sQqyURis",[],35,Mask,35,2,-12.153698237386333,3,0,0,2.046301345753937,0,0,0.0
99,196,1.28e+18,24/6/20,1:26:28,@SecretLeague1 at last I found the parcel in the mailbox and this is the prettiest face mask and Best Buddy badge I‚Äôd seen.  üòçüòçüòç Thanks üòçüòçüòç  https://t.co/NuylXqQlqN,[],24,Mask,23,1,-12.386639973526728,3,1,1,3.4721634985980696,0,0,0.0
100,197,1.27e+18,22/6/20,4:30:46,Why is Sir @kennethdalglish in a face mask and @Tim_Cahill is not?,[],10,Mask,10,0,-11.714824431677908,2,1,0,11.665983546690189,2,0,0.0
101,198,1.27e+18,20/6/20,9:48:39,"@tash_aam @LividEye If those studs poked thru, instead of adhering on the masks, then any scant protection of the face mask will be nullified.",[],22,Mask,22,1,-13.212524850996319,4,2,0,5.146679731152393,1,0,0.0
102,201,1.27e+18,16/6/20,12:33:55,YAAAS my facemask from Thailand has arrived. There's no direct delivery to SG (like a lot of other Thai products) so gotta get my friend to get it on behalf.  https://t.co/ylwaae5iJl,[],29,Mask,30,2,-12.139059900135706,4,0,2,2.993739497102938,0,0,0.0
103,202,1.27e+18,16/6/20,10:18:36,Used the detergent meant for my sons' laundry to wash my facemask. Savouring the smell of them at work.,[],19,Mask,19,1,-12.337953933922952,3,0,1,4.991667259050441,0,0,0.0
104,203,1.27e+18,15/6/20,20:43:44,"@Sgboy01 Had my haircut, wash and blow. All with the mask on. Not sure about where you're cutting. The hair salon I went gave us disposable face mask to wear during the service.",[],31,Mask,32,2,-11.481549465537439,5,1,3,3.248806808899678,0,0,0.0
105,204,1.27e+18,15/6/20,17:28:02,So i shopped for pretty face mask. So ape nak jadi ni.,[],12,Mask,12,1,-14.77712090574318,1,0,1,8.543420752366437,1,0,0.0
106,205,1.27e+18,15/6/20,16:07:19,"Carbon Filter Double Valve Dustproof Honeycomb Sports Mask  Sgd $22   https://t.co/o1X8nKaJot  #Dcbikes  Made of nylon and spandex, this face mask is elastic, comfortable, and durable  2.MESH CONSTRUCTION---The pollution‚Ä¶  https://t.co/365UiWXNtR",['dcbikes'],23,Mask,28,2,-17.343045512088437,1,1,0,1.7070817948493693,0,0,0.0
107,206,1.27e+18,14/6/20,13:29:18,"This COVID19 is either good or bad for our environment, during lockdown the sky was clearer, but how about our good old days; reducing plastic usage? Or water &amp; face mask usage? Last night I went to Mustafa center &amp; each of us got a pair of plastic glove &amp; some sections covered_  https://t.co/lVva945RGV",[],50,Mask,53,3,-12.811328717732271,8,2,3,1.606467215150323,0,0,0.0
108,211,1.27e+18,12/6/20,8:44:40,@arieare last time i had haircut with facemask i think safe,[],10,Mask,10,0,-13.517728244284692,3,0,1,8.010695095212432,1,0,0.0
109,212,1.27e+18,11/6/20,20:01:00,my dumbass be covering my mouth when yawning when im wearing a face mask ü§°,[],14,Mask,14,1,-12.794826225371319,4,1,1,6.681335131374756,1,0,0.0
110,213,1.27e+18,11/6/20,12:49:41,"Interesting chat going on in @thevrara SG channel exploring solutions for a female consumer  -vitamin e infused face mask inserts -aloe vera face masks inserts  -better padding pre-made -making pads/inserts with alternative fabrics (terry cloth, organic cotton, recycled sponge",[],38,Mask,39,2,-17.1192011109836,10,0,0,1.9374577292737343,0,0,0.0
111,216,1.27e+18,11/6/20,0:43:31,"@Megankstack This part leaves me curious: ""...jailed for four weeks for smashing his neighbour‚Äôs window with a golf club. He did not wear a face mask and left his home without a reasonable excuse in order to do this."" What would have been a 'reasonable excuse'?",[],46,Mask,45,2,-11.282434818311845,9,1,1,2.4474696383758903,0,0,0.0
112,217,1.27e+18,6/6/20,16:55:36,"When life gives you lemons put on your short shorts, grab your face mask head out and buy a bottle of gin and a carton of tonic",[],27,Mask,27,2,-11.78556863629268,4,1,2,3.0860639472619305,0,0,0.0
113,219,1.27e+18,4/6/20,22:15:12,Kneelin n Hiden Biden with his face mask on in the basement bunker.,[],13,Mask,13,1,-13.053444601526165,0,0,0,4.596329802724594,0,0,0.0
114,221,1.27e+18,31/5/20,18:11:42,I got face mask for free  https://t.co/SY12rBRgXZ,[],6,Mask,6,0,-13.250286373697502,1,0,0,11.665983546690189,2,0,0.0
115,222,1.27e+18,31/5/20,15:30:33,Auntie Connie keep on forcing to go cc to pick face mask. It‚Äôs damn hot to walk at this time,[],21,Mask,20,1,-11.629467990441903,5,0,0,4.429204098957475,0,0,0.0
116,224,1.27e+18,27/5/20,18:21:25,Third round of collection for the government-issued reusable face mask! The ones issued this time feels much better in terms of quality! @ Singapore  https://t.co/s0Q70wVimA,[],22,Mask,23,1,-12.239783722263041,3,0,0,2.8600500545057734,0,0,0.0
117,225,1.27e+18,26/5/20,15:30:56,"Have you gotten your 3rd pack of face mask? #singapore #covid19 @ Clementi, Singapore  https://t.co/0s9jK8qknb","['singapore', 'covid19']",10,Mask,11,1,-15.212565569240203,2,0,2,5.222128135230217,1,0,0.0
118,226,1.26e+18,25/5/20,22:11:47,"""New Chinese Herbal face mask"" in #Singapore #Singapore  https://t.co/xeChTCGCgb #zerowaste #free","['singapore', 'singapore', 'zerowaste', 'free']",6,Mask,6,0,-15.333950380084945,0,0,0,3.5559996428528424,0,0,0.0
119,227,1.26e+18,23/5/20,23:37:03,I just might buy this! @WWEAsuka face mask on @wweshop ! #asuka #wwe #wweraw #raw @ Singapore  https://t.co/TTe6HuMu4Z,"['asuka', 'wwe', 'wweraw', 'raw']",9,Mask,9,0,-15.013937794789172,1,0,0,5.222128135230218,1,0,0.0
120,228,1.26e+18,22/5/20,19:29:10,Just waiting for face mask fashion statements. E.g. corona virus beachware - bikinis for men and trikinis for women - with matching face masks. Speedo virus smugglers.,[],26,Mask,28,2,-13.843625330874069,2,1,0,2.058485797718391,0,0,0.0
121,229,1.26e+18,22/5/20,17:10:55,"@alfpang I‚Äôm just floored by the view (this is really about that face mask episode) that someone might flout the law in a country then get all indignant and uppity about it. When you‚Äôre an expat, you‚Äôre a guest in someone‚Äôs home. Don‚Äôt be a jerk while you‚Äôre there.",[],54,Mask,48,2,-10.944224407059064,6,3,0,2.158231363455323,0,0,1.0
122,230,1.26e+18,22/5/20,17:10:13,"Mum: ""U see i use aloe vera face mask while cooking. If not i scared will have freckles now that im always in kitchen.""  Me: üò®",[],25,Mask,25,1,-12.806088898190918,6,1,2,2.7730797660058153,0,0,0.0
123,231,1.26e+18,22/5/20,14:14:12,"""Thanakha face mask bought from Myanmar"" in #Singapore #Singapore  https://t.co/4PWwATcYFg #zerowaste #free","['singapore', 'singapore', 'zerowaste', 'free']",7,Mask,7,0,-15.510520211068153,1,0,0,4.085362524400067,0,0,0.0
124,232,1.26e+18,20/5/20,23:12:44,"Turmeric essential oil is a great option for skin care. Turmeric essential oil can help to promote clear, smooth, and radiant-looking skin. Try this fun DIY Turmeric face mask to leave your skin glowing:   https://t.co/NumnWb7Eje  https://t.co/QWLIVNzd7A",[],33,Mask,34,2,-14.09373631543681,4,1,1,2.428941363928524,0,0,0.0
125,235,1.26e+18,17/5/20,14:04:51,grocery shopping before was easier without all this queuing and face mask,[],12,Mask,12,1,-11.732528344288967,1,1,0,6.681335131374755,1,0,0.0
126,236,1.26e+18,13/5/20,23:51:31,Anytime &amp; Anywhere Always Use a Mask #coronavirus #facemask #WearAMask #MaskUpLagos  https://t.co/YZXhwctvCQ,"['coronavirus', 'facemask', 'wearamask', 'maskuplagos']",6,Mask,7,0,-18.77237147041339,0,0,0,3.1894169624945756,0,0,0.0
127,237,1.26e+18,13/5/20,18:27:31,"Idk who came up with this trend on Tiktok but then again, I don‚Äôt even know who came up with Tiktok but here I am in full @chloefashion, their new #chloedaria and yes, a #chloe face mask that I fashioned out of old‚Ä¶  https://t.co/7bdeLRzIY0","['chloedaria', 'chloe']",41,Mask,40,2,-12.310021021688407,7,3,1,2.9770904831766676,0,0,0.0
128,238,1.26e+18,7/5/20,18:54:35,"20 20k in 2020. 20 covid-19 deaths and 20,000 cases while Hongkong passed 17 days straight with no cases. Chan Chun Sing must be laughing on the other side of his face mask now.",[],28,Mask,35,2,-11.965340621684035,3,2,0,2.977090483176668,0,0,0.0
129,241,1.26e+18,1/5/20,16:13:56,#facemask ... This is graphic explanation for those who don't want to wear a facemask ... #MayDay2020 #COVID #humour #StayingAtHome  https://t.co/Kbe6BSsHz2,"['facemask', 'mayday2020', 'covid', 'humour', 'stayingathome']",12,Mask,13,1,-14.387512472487913,4,0,0,6.643993758855942,1,0,0.0
130,242,1.26e+18,28/4/20,14:56:01,"Pilgrimage to @samyscurry ‚Äî1 of my musts when I‚Äôm in #Singapore. Loved how I could smell the #Indian spices, even with a thick facemask. The feast: Masala chicken, mutton #Mysore, chicken tikka, #fish cutlet, #okra curry, daal, fish, #papadums, biryani rice... just incredible. ‚ù§Ô∏è  https://t.co/HLMDkhIu99","['singapore', 'indian', 'mysore', 'fish', 'okra', 'papadums']",36,Mask,36,2,-15.084964509961267,3,1,2,1.508183499405818,0,0,0.0
131,243,1.25e+18,25/4/20,7:00:52,I thought he wiped face mask on his pelvis but I guess i shouldnt have seen that low cause I‚Äôm fasting ü§¶üèª‚Äç‚ôÇÔ∏è  https://t.co/cBIZcPkW6J,[],22,Mask,21,1,-13.095815716258095,5,1,1,5.457162866634495,1,0,0.0
132,247,1.25e+18,22/4/20,21:44:46,My Face Mask‚Äôs üò∑ were delivered today. All good now for 25 outings (still have 5). #facemasks #stayathome #wayneshome #singapore  https://t.co/QwHhTYNSu2,"['facemasks', 'stayathome', 'wayneshome', 'singapore']",14,Mask,15,1,-14.584347855499196,3,1,0,4.402173091750263,0,0,0.0
133,248,1.25e+18,22/4/20,12:26:16,"Wear a face mask like our Osteopath, Virginia Tang @ozteopath, whenever you go out to keep yourself and the community safe!  üò∑üëçüèª . As announced yesterday by Singapore's Prime Minister leehsienloong, our COVID-19‚Ä¶  https://t.co/WnVUY5BAeJ",[],29,Mask,30,2,-13.56254260450278,3,1,4,2.4180765806144917,0,0,0.0
134,249,1.25e+18,22/4/20,0:00:34,Todays #fashion statement - #selfie #ootd #wiwt used to be called the kpop idol airport look üòÖ cap: Broadway (yes I saw Loki on Broadway); stylo mylo reusable #facemask : Zalora. Shades: #seristyle @_GentleMonster_‚Ä¶  https://t.co/Iada2EmWlI,"['fashion', 'selfie', 'ootd', 'wiwt', 'facemask', 'seristyle']",24,Mask,25,1,-16.694489613314353,4,0,1,2.2186893093202182,0,0,0.0
135,250,1.25e+18,21/4/20,21:30:14,@MAS Will a passengers being denied boarding if he/she didn‚Äôt have a facemask?,[],14,Mask,13,1,-11.755886824944158,4,1,0,4.824541555283323,0,0,0.0
136,251,1.25e+18,21/4/20,7:16:56,"""Face mask kept in Fridge "" in #Singapore #Singapore  https://t.co/iLYQ3BuvUw #zerowaste #free","['singapore', 'singapore', 'zerowaste', 'free']",6,Mask,6,0,-15.537907513847538,1,0,0,4.787438897018873,0,0,0.0
137,252,1.25e+18,18/4/20,15:55:36,"While wearing a face mask, this screen is going to be the new norm!  I‚Äôm missing Face ID  https://t.co/dWePUfCIga",[],19,Mask,18,1,-11.925226989190781,5,0,0,5.029353800176735,1,0,0.0
138,253,1.25e+18,18/4/20,11:00:46,"The feeling when, after a hearty meal...you burp while wearing your face mask.  https://t.co/FeIT33SzX8",[],14,Mask,14,1,-13.0095458431766,2,2,2,5.457162866634494,1,0,0.0
139,256,1.25e+18,14/4/20,23:14:48,"Have you read this? It‚Äôs compulsory now, peeps... Also good, cos it is really for our own safety!   That is why I highly recommend the reusable 3 ply anti-microbial face mask that I myself am using regularly now.‚Ä¶  https://t.co/TgxYwhCwot",[],37,Mask,38,2,-12.547857412389932,8,1,4,4.596329802724594,0,0,0.0
140,257,1.25e+18,14/4/20,15:07:47,"Highly recommended reusable 3 ply anti-microbial face mask!  The most comfy mask I‚Äôve ever worn and believe me, I‚Äôve worn a lot of them due to my asthma.   Tests show that these masks are water repellent, moisture‚Ä¶  https://t.co/Kh6uVLZ9xU",[],37,Mask,37,2,-13.299978990334132,8,1,2,3.0685319166409326,0,0,0.0
141,258,1.25e+18,13/4/20,16:37:21,Wear your face mask and protect yourself from covid 19...... Stay at home üè° And stay safe  https://t.co/hpNFSxO89S,[],15,Mask,16,1,-13.721248437594344,2,1,2,5.457162866634495,1,0,0.0
142,259,1.25e+18,12/4/20,10:56:40,Thankfully we have the washable face mask,[],7,Mask,7,0,-12.068164483123745,1,0,1,17.783839062238727,2,0,0.0
143,260,1.25e+18,11/4/20,18:16:26,"Recently China had imposed a strict controlled for exporting test kits, face mask, protective clothing, ventilator and infrared thermometer to prevent counterfeit products.   Our thermometer had went through proper‚Ä¶  https://t.co/mN2seBzTvj",[],29,Mask,29,2,-13.953117928638417,8,1,0,2.4474696383758903,0,0,0.0
144,262,1.25e+18,10/4/20,19:46:50,Stay safe. Wear a face mask. @sandrakisic  . . . . .  #coffeetime  #capturestreets  #agameoftones  #shotzdelight  #girlsquad  #mirrorless  #citykillerz  #streetactivity  #streets_vision  #creativeoptic #singapore‚Ä¶  https://t.co/SLqhZMcc52,"['coffeetime', 'capturestreets', 'agameoftones', 'shotzdelight', 'girlsquad', 'mirrorless', 'citykillerz', 'streetactivity', 'streets_vision', 'creativeoptic', 'singapore']",6,Mask,6,0,-18.29187052913139,0,0,0,4.596329802724593,0,0,0.0
145,263,1.25e+18,9/4/20,12:35:32,A very hot muscular Chinese fit guy boards the MRT with a skimpy tank top that almost exposes his nipples ü§≠   That chest tho amirite üåû  And the facemask adds a certain mysterious quality to him ü§î  And that hairstyle is my favourite on any man üíá‚Äç‚ôÇÔ∏è  10/10 my type üî•  https://t.co/rDULcqr76g,[],45,Mask,47,2,-13.047592329491268,3,1,1,2.269032742813996,0,0,0.0
146,265,1.25e+18,7/4/20,20:00:42,Got my free facemask.  Thank you SGgov.üôè  #staycalmandunited  #stopcovid19‚õîÔ∏èüò∑‚úã @ Nee Soon Central CC at Northpoint  https://t.co/9g2bXRJqGk,"['staycalmandunited', 'stopcovid19']",13,Mask,13,1,-16.788163409666193,0,0,2,3.7593889874801354,0,0,0.0
147,266,1.25e+18,7/4/20,10:44:00,"Circuit Breaker on full swing now. Stay home and go out only for essential activities and wear your face mask. Other than that stay, at home. Lets break the virus cycle together. We are no‚Ä¶  https://t.co/oM1uidInhM",[],35,Mask,35,2,-11.539291982342387,4,1,1,2.5316068108847793,0,0,0.0
148,267,1.25e+18,6/4/20,23:49:20,Collected my government issued reusable face mask today. My worries about it being too small was unfounded. #MaskGoWhere #GovTech #SGUnited #SG  https://t.co/nYCubtEnHl,"['maskgowhere', 'govtech', 'sgunited', 'sg']",17,Mask,17,1,-14.510068146690003,5,0,1,2.982710932029284,0,0,0.0
149,268,1.25e+18,6/4/20,22:27:06,Singaporean should be grateful that our government distributed free re-usable face mask to fight the human to human transmissions. PM did mention that it‚Äôs NOT virus-proof! So please don‚Äôt take it out against him. Be Gracious &amp; let‚Äôs unite to fight this pandemic üôèüèæ  https://t.co/3HezIjZTyC,[],43,Mask,43,2,-12.632908837677745,8,0,1,2.225107960685633,0,1,0.0
150,269,1.25e+18,6/4/20,15:19:35,Annoyingly wearing my facemask renders Face ID useless to unlock my iPhone. Now I have to use my fingers. #FirstWorldProblems,['firstworldproblems'],19,Mask,19,1,-13.0233027262918,4,0,3,4.154299101338069,0,0,0.0
151,272,1.25e+18,5/4/20,13:38:20,"Free Washable face mask courtesy of the Singapore Government before the 1 month long ""circuit breaker"" period. @ Singapore  https://t.co/0iXlcTpN5n",[],17,Mask,18,1,-13.590312549376833,0,0,0,2.715642119300412,0,0,0.0
152,273,1.25e+18,2/4/20,20:25:25,"@korytellers Guidance can change based on evidence from research, of course.  For example: Coronavirus: Expert panel to assess face mask use by public  https://t.co/A4hvuw5xly",[],22,Mask,22,1,-13.210898039049383,3,0,0,2.5141375822484493,0,0,0.0
153,274,1.25e+18,2/4/20,17:21:06,#FaceMask #KN95 #N95 #FaceShield #goggles #gloves  Medical Protective Clothing medical isolation non-contact infrared thermometer  https://t.co/WHtqJmkBTz,"['facemask', 'kn95', 'n95', 'faceshield', 'goggles', 'gloves']",7,Mask,8,0,-19.22984263413024,0,0,0,3.3364028697212293,0,0,0.0
154,276,1.24e+18,31/3/20,14:23:01,"Do not, I repeat, do not take @WHO stupid advice to only wear a face mask if sick. WEAR IT AT ALL TIMES IF OUTSIDE. CCP Ëµ∞Áãó",[],25,Mask,25,1,-13.660166062322268,4,2,1,2.2583917859952307,0,0,0.0
155,277,1.24e+18,30/3/20,19:26:26,putting on a face mask even though i did nothing much.... #kindaguilty,['kindaguilty'],11,Mask,11,1,-11.95168655009054,2,2,1,6.681335131374755,1,0,0.0
156,278,1.24e+18,29/3/20,21:29:54,"@infinity10 The return of the elevator boy, clad in a face mask.",[],11,Mask,11,1,-11.491051680873438,0,0,0,5.457162866634497,1,0,0.0
157,279,1.24e+18,29/3/20,16:40:43,How dare did I get out from my house without a face mask and my water bottle!,[],17,Mask,17,1,-10.72548252907403,2,1,2,5.457162866634496,1,0,0.0
158,281,1.24e+18,28/3/20,1:23:52,So im done with my 5 design for face mask and left with the box packaging mock up and design itself and cpj updating and modifications and im done with packaging design,[],31,Mask,32,2,-12.091582159608857,6,1,1,3.600205111684859,0,0,0.0
159,284,1.24e+18,26/3/20,9:16:12,Rocking the crutches &amp; facemask with @adidasoriginals  this morning #HospitalChic  https://t.co/pviGRHQoFl,['hospitalchic'],7,Mask,8,0,-16.612580187673455,2,0,0,4.991667259050441,0,0,0.0
160,286,1.24e+18,25/3/20,20:39:02,so work along with China to destroy Trump by releasing a virus. Wuhan's epidemic was a showcase.   At the peak of the virus epidemic....China's President Xi Jinping...just wore a simple RM1 facemask to visit those effected areas.,[],36,Mask,39,2,-11.650465700703482,5,0,0,2.35292207552603,0,0,0.0
161,287,1.24e+18,24/3/20,3:36:32,i want that face mask too,[],6,Mask,6,0,-11.054619186449255,1,0,0,11.665983546690189,2,0,0.0
162,288,1.24e+18,23/3/20,20:16:32,Guys siapa ade beli surgical face mask thru Shopee or Lazada? Trusted ke tak?,[],14,Mask,14,1,-18.4988127484575,1,1,0,3.08606394726193,0,0,0.0
163,292,1.24e+18,22/3/20,9:54:45,"Did you know? On 21st March 2020, noon time. Abang Mark and the ramp service team offloaded boxes of face mask in the rain. üôã‚Äç‚ôÇÔ∏èüôã‚Äç‚ôÇÔ∏è flight from Cambodia. üôã‚Äç‚ôÇÔ∏èüôã‚Äç‚ôÇÔ∏è",[],25,Mask,27,2,-11.652545109854383,2,1,1,2.0463013457539376,0,0,0.0
164,293,1.24e+18,22/3/20,9:40:22,I just had a flake of my face mask fall off and I was spooked for a second,[],18,Mask,18,1,-10.06998231927287,4,1,2,12.263885881037023,2,0,0.0
165,295,1.24e+18,20/3/20,23:05:09,@ainshaa__ Wear your face mask. Put on the hand sanitizer and stay safe okay!,[],13,Mask,13,1,-12.678241550169798,2,1,1,6.681335131374755,1,0,0.0
166,297,1.24e+18,18/3/20,18:27:51,"Seen on the train: Auntie wearing face mask. Keeps touching nose piece of mask area. Keeps touching hair and areas around face.  Auntie, you like that don‚Äôt wear mask better lah. ü§™",[],32,Mask,31,2,-12.886795119646417,4,1,1,2.031623642665308,0,0,0.0
167,298,1.24e+18,18/3/20,15:35:02,"Indonesia Bans Sanitizer, Face Mask Exports to Tackle Shortage  https://t.co/IdQzZXUVZ2",[],9,Mask,9,0,-18.30887255131047,0,0,0,3.4721634985980696,0,0,0.0
168,299,1.24e+18,17/3/20,21:11:58,@syfkhkrm Aiyoo I already wear face mask and stay 1m away from others hahaa ü§£ the struggle is real ‚ò†Ô∏è,[],16,Mask,17,1,-13.242989751183876,4,1,1,5.457162866634495,1,0,0.0
169,303,1.24e+18,15/3/20,11:52:12,"COVID-19 cases, both in Manila &amp; Singapore. Neither of the two places, I am not safe &amp; fully protected. Face mask, hand sanitizers/alcohol &amp; vitamins are just the material stuff that could at least protect me. God will always be my strongest protection. üôèüèª  https://t.co/YiOHjWfJBY",[],41,Mask,44,2,-12.496582743194367,6,0,2,1.9678552186880123,0,0,0.0
170,305,1.24e+18,14/3/20,23:03:54,Avoiding COVID-19?  DIY Full Face Mask for myself with glasses. @ Singapore  https://t.co/hu0lFPAm6o,[],11,Mask,11,1,-15.134184525694447,1,0,1,4.402173091750264,0,0,0.0
171,308,1.24e+18,12/3/20,10:31:18,So is this year‚Äôs parade cancelled or ya‚Äôll going distribute extra face mask in the goodie bag? which cost is better? üòÖ,[],23,Mask,21,1,-11.82250092853039,5,1,0,4.5963298027245925,0,0,0.0
172,310,1.24e+18,10/3/20,7:18:00,Going to Vietnam to inspect face mask factory. Could not bring GG to schoolüò≠  https://t.co/6i9orfWUJD,[],14,Mask,14,1,-13.200482551874924,3,0,0,5.457162866634497,1,0,0.0
173,312,1.24e+18,7/3/20,10:42:55,see! It‚Äôs not only the SG Govt who wants to reserve the masks for health care workers! People who demand face mask to be worn Everyday are the same people who threw the mask on the streets.,[],38,Mask,37,2,-10.660304518946917,9,0,0,2.384051632720221,0,0,1.0
174,315,1.23e+18,28/2/20,16:18:05,Maybe I should buy a face mask now playing with fate.,[],11,Mask,11,1,-10.959111197251728,2,0,1,11.665983546690189,2,1,0.0
175,316,1.23e+18,27/2/20,21:16:11,need to put a face mask on need to put a face mask on need to put a face mask on need to put a face mask on need to put a face mask on,[],35,Mask,35,2,-9.729215083711217,5,0,0,4.028199331442795,0,0,1.0
176,318,1.23e+18,23/2/20,18:10:33,Thailand imposes total ban on face mask exports  https://t.co/inSK9ZHcbP,[],8,Mask,8,0,-14.722338476532476,1,0,0,5.457162866634497,1,0,0.0
177,321,1.23e+18,18/2/20,20:49:02,@sarahcoldheart See if he can find facemask too,[],7,Mask,7,0,-13.1086799615802,3,1,0,36.92644553915781,4,0,0.0
178,322,1.23e+18,18/2/20,9:05:57,Bruh this woman removed her face mask to sneeze and wore it back after ¬ø¬ø¬ø¬ø,[],14,Mask,14,1,-11.660138946393609,3,1,0,8.543420752366437,1,0,0.0
179,323,1.23e+18,17/2/20,9:37:47,DIY: Sew Your Own Face Mask - $20 only incl. materials  Refer to Friend: Both get 10% discount (T&amp;C-dateline 29 Feb 2020). More details - please view  https://t.co/XNU1nEv034  Class schedules are flexible with‚Ä¶  https://t.co/AfeoSysOfq,[],26,Mask,34,2,-15.965973643519915,4,0,1,1.9142427846992969,0,0,0.0
180,324,1.23e+18,15/2/20,22:08:48,Fucker wearing face mask  konon to be cute .  I kennot with this people üòëüòë,[],13,Mask,13,1,-12.668650998319135,3,0,0,6.425240541846517,1,0,0.0
181,327,1.23e+18,12/2/20,13:11:50,"Inside that plastic bag is a freebie face mask, courtesy of IAI. #SGAirshow2020  https://t.co/29VrFdQZ61",['sgairshow2020'],12,Mask,12,1,-14.370995145232783,1,0,0,5.457162866634497,1,0,0.0
182,329,1.23e+18,9/2/20,22:38:45,"@bemusedbackpack @the_HoliDaze Face mask is still useful when you are packed in the train, &amp; people around spray out when talking, the droplets could be landed on your face or lips then you lick your lips.. or sometimes we‚Äôre not aware touching our nose &amp; mouth.",[],43,Mask,44,2,-12.627367176297431,8,4,3,2.4391159556259496,0,0,0.0
183,330,1.23e+18,9/2/20,14:12:18,I fucked 3 guys in Jen Hotel he boasted   I took 1 step back and went Damn where did I put my face mask,[],22,Mask,24,1,-11.689755516907617,6,1,2,4.596329802724594,0,0,0.0
184,331,1.23e+18,8/2/20,16:59:43,as if wearing a face mask isn‚Äôt annoying enough it‚Äôs making me break out like crazy üòí,[],18,Mask,16,1,-11.285462014749868,4,1,1,8.543420752366437,1,0,0.0
185,333,1.23e+18,6/2/20,11:29:36,Collected mine.. have you? Thank you Singapore  #facemask #caronavirus #standby #singhealth #singapore @ Pasir Ris East Community Centre  https://t.co/GfcovnnXX5,"['facemask', 'caronavirus', 'standby', 'singhealth', 'singapore']",12,Mask,12,1,-16.907791926192267,3,0,2,3.2137419921977175,0,0,0.0
186,335,1.22e+18,5/2/20,9:02:41,When I realized I was going #Esplanade without my #facemask. #wuhanvirus  https://t.co/lpRccoHJsj,"['esplanade', 'facemask', 'wuhanvirus']",8,Mask,8,0,-13.866395807114092,3,0,1,12.730889539401835,2,0,0.0
187,336,1.22e+18,5/2/20,7:46:58,Everytime i see the facemask.. i think of sanitary napkin.,[],10,Mask,10,0,-14.134624135141046,1,0,1,7.276823467874337,1,0,0.0
188,338,1.22e+18,3/2/20,13:18:42,Face mask is the new bitcoin...  https://t.co/AL4f8jN0pS,[],6,Mask,6,0,-13.922722142600685,1,0,0,8.543420752366435,1,0,0.0
189,339,1.22e+18,3/2/20,12:39:54,"@yonghwawie Will do, but with the face mask, it will be muffled. Haha.",[],12,Mask,12,1,-11.537902663187456,3,1,0,6.681335131374755,1,0,0.0
190,340,1.22e+18,3/2/20,11:44:21,teamnila was mobilised over the weekend to help with the distribution of #facemask  to the residents of #Singapore ... I‚Äôm very happy to be part of it. Here with the Member of Parliament for Ang Mo Kio GRC with‚Ä¶  https://t.co/OGJ4NhkkYU,"['facemask', 'singapore']",37,Mask,36,2,-11.671138746212932,4,0,0,2.049934466983517,0,0,0.0
191,342,1.22e+18,31/1/20,16:30:46,@CNNnews18 Dangerous #WuhanCoronavirus that spread to 21 countries üò¢ Wear #facemask to protect yourself and your loved onesüí™üí™  #WuhanCoronavirusOutbreak  #nCoV2020 #WuhanVirus,"['wuhancoronavirus', 'facemask', 'wuhancoronavirusoutbreak', 'ncov2020', 'wuhanvirus']",13,Mask,14,1,-15.05481229210587,3,1,2,5.935336984493654,1,0,0.0
192,343,1.22e+18,31/1/20,8:05:19,Only problem with wearing face mask for me is that my phone can‚Äôt recognise me #FirstWorldProblems,['firstworldproblems'],16,Mask,15,1,-11.81277615994309,3,0,2,6.681335131374754,1,0,0.0
193,344,1.22e+18,29/1/20,22:34:52,"After reading this article, no mood already....cos 4 to 5mths still so long to me. Hope medical experts can find a cure. In the meantime, avoid crowded enclosed areas with no fresh air for me to be on the safe side. I do not have any face mask at all.   https://t.co/3Zc0kTPi8Z",[],49,Mask,51,3,-11.221067535252718,7,2,1,2.2961856974117314,0,0,0.0
194,345,1.22e+18,29/1/20,15:23:32,"gg lah Spore, Msia suppliers IR thermometer and surgical face mask dah ran out of stock. kelam kabut project exec site lain.",[],22,Mask,22,1,-16.83992976194597,2,1,0,1.9489463457522773,0,0,0.0
195,346,1.22e+18,29/1/20,1:26:20,Visit here to get mask... FYI this mask is the only mask in the market with anti-viral properties. Quite effective to stop the virus spreading. #coronavirus #masks #airazor #protectfamilies #singapore #FaceMask #WuhanCoronovirus    https://t.co/04krPH4qnw  https://t.co/lAhsNeKF8Y,"['coronavirus', 'masks', 'airazor', 'protectfamilies', 'singapore', 'facemask', 'wuhancoronovirus']",24,Mask,25,1,-14.610616612858962,4,0,0,2.3769857359240327,0,0,0.0
196,348,1.22e+18,28/1/20,22:14:11,3rd Stop: nCov Town (Chinatown Singapore). Doubled my face mask when I arrived here üòÇ  https://t.co/Tsep5sNDRh,[],13,Mask,14,1,-15.007304943003044,2,1,2,4.402173091750265,0,0,0.0
197,349,1.22e+18,28/1/20,19:22:38,Everyone out there is wearing a facemask. Means they are each breathing their own air and means i dont need one right?  Issit even safe to be going out now..,[],30,Mask,30,2,-11.133771065168098,11,1,1,7.276823467874337,1,0,1.0
198,350,1.22e+18,28/1/20,9:57:34,"""When you buy a box of face mask for protection, but life is full of plot twists."" üòÇü§£üò∑ HAHAHAHAHA POTA (ctto)  https://t.co/SiefXIwycQ",[],20,Mask,20,1,-13.292088245416297,2,1,1,2.7730797660058153,0,0,0.0
199,351,1.22e+18,24/1/20,0:35:51,Ok im stocking up on face mask tmr,[],8,Mask,8,0,-14.873939258690733,1,0,0,6.681335131374754,1,0,0.0
200,352,1.22e+18,23/1/20,11:31:05,"Time to whip out the masks again! Which one? No.1?... No.2?... or, the ol‚Äô tried &amp; tested full-face no.3? üòÖüòù ‚Ä¢ #facemask #safethansorry #healthiswealth #goodvibes #yoloswag #epic #humor #lifegoalsüíØ #fly #iphonex‚Ä¶  https://t.co/EtkheVjNYM","['facemask', 'safethansorry', 'healthiswealth', 'goodvibes', 'yoloswag', 'epic', 'humor', 'lifegoals', 'fly', 'iphonex']",17,Mask,22,1,-14.305516497698822,2,0,0,3.9326510557690866,0,0,0.0
201,353,1.22e+18,22/1/20,21:18:51,The Wuhan virus had resulted face mask selling like hot cakes in #Singapore already. Let‚Äôs hope it will be contained over the Chinese New Year üßß 2020.,['singapore'],25,Mask,25,1,-11.761295665218503,6,0,0,3.331323399305927,0,0,0.0
202,354,1.22e+18,13/1/20,10:09:43,Keep safe everyone. As much as possible wear protective face  mask #TaalVolcano,['taalvolcano'],11,Mask,11,1,-12.692820704907872,1,1,0,8.543420752366433,1,0,0.0
0,0,1.36e+18,25/2/21,2:13:05,"Coronavirus mask-wearing may not be needed in summer, says English medical official  https://t.co/CWp4KMxgBz",[],11,Mask,12,1,-13.913071565072663,3,0,0,7.276823467874334,1,0,0.0
1,1,1.36e+18,21/2/21,16:55:37,210221 Ugly Duck of sogumm  Mask-wearing congrats (song) gang  #AOMG #UglyDuck #Ïñ¥Í∏ÄÎ¶¨Îçï  https://t.co/cpUrQ5LW91,"['aomg', 'uglyduck', 'Ïñ¥Í∏ÄÎ¶¨Îçï']",7,Mask,9,0,-18.937288317529276,1,0,0,4.294400419782348,0,0,0.0
2,2,1.36e+18,20/2/21,13:21:44,@Forbes It‚Äôs true. Look at SG. Social distancing and mask wearing indeed help SG to reduce local virus infection cases to zero or single digit.,[],25,Mask,24,1,-12.623027176756855,2,2,0,3.073631087915334,0,0,0.0
3,3,1.36e+18,19/2/21,17:45:33,"India virus infections at 3-week high, Mumbai hires marshals to enforce mask-wearing  https://t.co/SxZRLAzzsQ  https://t.co/i0RxcSWMad",[],11,Mask,12,1,-16.38801566674334,2,0,0,5.512296283635415,1,0,0.0
4,4,1.36e+18,19/2/21,16:51:03,"India COVID-19 infections at 3-week high, Mumbai hires marshals to enforce mask-wearing  https://t.co/X4NSX3VWd7  https://t.co/SnCDSsXyWD",[],11,Mask,12,1,-16.901725312428646,2,0,0,6.643993758855941,1,0,0.0
5,5,1.36e+18,19/2/21,14:30:08,"Coronavirus: Chris Rock, Rosie Perez appear with New York Governor Andrew Cuomo, urge mask wearing #singapore #guide  https://t.co/ObhbVEk9Ct","['singapore', 'guide']",15,Mask,15,1,-15.383593391880554,2,0,0,2.3672634341378296,0,0,0.0
6,6,1.36e+18,19/2/21,9:25:13,"Worth the read. He tried creating an ""immunity bubble"" but realised there was no such thing. Other key points: mask wearing continues to be important, and a tip for those with O Blood Type  https://t.co/u9qW6Ossao",[],34,Mask,34,2,-11.865036454277194,8,2,0,3.189416962494575,0,0,0.0
7,7,1.35e+18,14/1/21,17:10:38,"Fast forward to 2020 and mask-wearing would become a thing, no thanks to Covid but at least I have a matchy-matchy mask &amp; skirt outfit üçå  Me and Pororo going bananas üò∑  https://t.co/HiQGVj51IW",[],26,Mask,30,2,-13.568101257089069,4,2,2,4.763455506491711,0,0,0.0
8,8,1.35e+18,11/1/21,15:57:03,"@AbraarKaran The subsequent mask distribution exercise happened when mask-wearing was made mandatory in public, and involved a single ply fabric mask. The third mask distribution wave featured a multi-ply fabric mask that several people found difficult to breathe in...",[],36,Mask,38,2,-12.657601041754782,7,2,0,3.0095714148047503,0,0,0.0
9,9,1.34e+18,28/12/20,9:17:20,1. Mandatory mask wearing in public. No exceptions. Fines and jail for non-compliance 2. Social distancing. Enforced everywhere. Thousands of folks who lost their jobs were hired as ‚Äúsocial distancing ambassadors‚Äù and paid decently to fan out across all public areas 2/,[],38,Mask,42,2,-11.775878640811083,7,2,0,2.688462275792094,0,0,0.0
10,10,1.34e+18,23/12/20,20:23:09,"Question: Do you have friends and family members who don‚Äôt wear masks?   If so, what do you do? Do you tell them about the benefits of mask wearing during a pandemic or not?",[],34,Mask,33,2,-10.270207675657865,8,2,3,3.3992006374864965,0,0,0.0
11,11,1.34e+18,21/12/20,9:02:44,"""We don't think any of these systems has been shown to be effective, actually reducing transmission of covid-19""   Look at countries like Singapore. Contact tracing (+ mask wearing) is required. Community cases have been zero for several months. It works.   https://t.co/aa4Gf2wGba",[],38,Mask,39,2,-11.704704180490097,13,0,0,2.755450848261983,0,0,1.0
12,12,1.32e+18,6/11/20,12:13:00,"Without proper Robust Testing, Tracking &amp; Tracing along with compulsory mask wearing lockdown   is pointless. The evidence for this simple equation is all over the World where virus under control latest Victoria Oz where now 6 day with no new cases &amp; zero deaths #ToryCorruption",['torycorruption'],41,Mask,44,2,-13.16989702240869,5,0,0,1.5950368111721815,0,0,0.0
13,13,1.32e+18,3/11/20,22:22:25,"I swear I could have sworn I saw my long lost friend, Halifi. But due to mask wearing, I just could not be sure! Oh man. üòî",[],26,Mask,26,2,-10.759118109598719,8,0,3,7.276823467874336,1,0,1.0
14,14,1.32e+18,2/11/20,18:33:55,"I came into @manairport in September ZERO checks! not even temperature screening, Zero social distancing, No enforcement of mask wearing. UK will remain travel pariah until proper robust testing, track &amp; trace implemented i.e. #Serco #Deloitte et al binned (&amp; our money recovered)","['serco', 'deloitte']",39,Mask,41,2,-13.91684796200567,10,0,2,1.4788522487374947,0,0,0.0
15,15,1.29e+18,25/7/20,22:07:06,"With regulations of compulsory mask-wearing üò∑ still in place, mask is a daily necessity that can be a fashion statement to express one‚Äôs individuality!   Shield Mask is a local business üá∏üá¨ that designs and produces‚Ä¶  https://t.co/Ey1YFsHymn",[],33,Mask,33,2,-12.302013780753665,5,2,0,3.0004748191683297,0,0,0.0
16,16,1.28e+18,16/7/20,2:36:11,I‚Äôm glad to see ABQ finally taking mask-wearing seriously.,[],9,Mask,9,0,-13.731727957123962,2,1,0,36.92644553915781,4,0,0.0
17,17,1.27e+18,19/6/20,9:05:25,@RafranzDavis @michellek107 Yowzers - we even had government officials visit to make sure we were adhering to government guidelines.   Stay safe.   I hope at the least mask wearing is being encouraged.,[],28,Mask,29,2,-12.037209608929768,9,0,1,4.498607213076872,0,0,0.0
18,18,1.25e+18,9/4/20,13:58:40,Is mask wearing outside the home compulsory now? #circuitbreaker,['circuitbreaker'],8,Mask,8,0,-12.296224047713855,2,0,0,12.730889539401833,2,0,0.0
19,19,1.25e+18,6/4/20,0:52:06,It‚Äôs day 457 and I‚Äôm still not invited to a mask wearing elitist scumbag Illuminati orgy.,[],17,Mask,16,1,-12.857870783246668,2,2,0,5.661007974338146,1,0,0.0
20,20,1.23e+18,7/2/20,22:36:55,Seriously. I just want some eggs and yogurt. The queues in Jelita and Bukit Timah Plaza are insane. How kiasu are these mask-wearing Singaporean.,[],23,Mask,24,1,-13.274620710505362,4,2,0,3.336402869721229,0,0,0.0
21,21,1.22e+18,30/1/20,8:10:35,"Blimey, mask wearing seems to have gone up 50% in one day on MRT. What does that mean? 50% more sick or 50% more paranoid?",[],22,Mask,25,1,-11.170605270650581,6,1,0,6.937429720902993,1,0,0.0
