username,comments,timestamp,postUrl,pubDate,description
pg97z,Immune for next 8-10 years xD,2021-02-08T06:31:21.000Z,https://www.instagram.com/p/CLBThJssLpt/,2021-02-08 06:00:36+00:00,"â€œthe staff in charge of diluting the vaccine had been called away to attend to other matters during the preparation of the vaccine, and a second staff member had mistaken the undiluted dose in the vial to be ready for administering,â€ the singapore national eye centre (snec) said. 

how is the affected staff member now?
read on, when you click on the link in bio @todayonline 

#covid_19 #vaccine #covid19vacccine #singapore #singaporenationaleyecentre"
junc._,Some say that he had ascended into the embodiment of the covid-19 and now watches over the planet together with Jesus,2021-02-08T06:23:44.000Z,https://www.instagram.com/p/CLBThJssLpt/,2021-02-08 06:00:36+00:00,"â€œthe staff in charge of diluting the vaccine had been called away to attend to other matters during the preparation of the vaccine, and a second staff member had mistaken the undiluted dose in the vial to be ready for administering,â€ the singapore national eye centre (snec) said. 

how is the affected staff member now?
read on, when you click on the link in bio @todayonline 

#covid_19 #vaccine #covid19vacccine #singapore #singaporenationaleyecentre"
aron.hellas,Level up 5x,2021-02-08T06:41:37.000Z,https://www.instagram.com/p/CLBThJssLpt/,2021-02-08 06:00:36+00:00,"â€œthe staff in charge of diluting the vaccine had been called away to attend to other matters during the preparation of the vaccine, and a second staff member had mistaken the undiluted dose in the vial to be ready for administering,â€ the singapore national eye centre (snec) said. 

how is the affected staff member now?
read on, when you click on the link in bio @todayonline 

#covid_19 #vaccine #covid19vacccine #singapore #singaporenationaleyecentre"
depressed.diebetes,can sneeze on other ppl to vaccinate them ady,2021-02-08T07:40:18.000Z,https://www.instagram.com/p/CLBThJssLpt/,2021-02-08 06:00:36+00:00,"â€œthe staff in charge of diluting the vaccine had been called away to attend to other matters during the preparation of the vaccine, and a second staff member had mistaken the undiluted dose in the vial to be ready for administering,â€ the singapore national eye centre (snec) said. 

how is the affected staff member now?
read on, when you click on the link in bio @todayonline 

#covid_19 #vaccine #covid19vacccine #singapore #singaporenationaleyecentre"
flying_azim_,Covid can't mess with this fellow,2021-02-08T06:21:54.000Z,https://www.instagram.com/p/CLBThJssLpt/,2021-02-08 06:00:36+00:00,"â€œthe staff in charge of diluting the vaccine had been called away to attend to other matters during the preparation of the vaccine, and a second staff member had mistaken the undiluted dose in the vial to be ready for administering,â€ the singapore national eye centre (snec) said. 

how is the affected staff member now?
read on, when you click on the link in bio @todayonline 

#covid_19 #vaccine #covid19vacccine #singapore #singaporenationaleyecentre"
23suzana,Oh dear I hope he will be alright.  5 doses is not a joke.  I really hope he will be ok.  He must be having hugh side effects! ğŸ™,2021-02-08T08:40:07.000Z,https://www.instagram.com/p/CLBThJssLpt/,2021-02-08 06:00:36+00:00,"â€œthe staff in charge of diluting the vaccine had been called away to attend to other matters during the preparation of the vaccine, and a second staff member had mistaken the undiluted dose in the vial to be ready for administering,â€ the singapore national eye centre (snec) said. 

how is the affected staff member now?
read on, when you click on the link in bio @todayonline 

#covid_19 #vaccine #covid19vacccine #singapore #singaporenationaleyecentre"
the_sloth_g,The staff have anti-bodies.,2021-02-08T06:35:31.000Z,https://www.instagram.com/p/CLBThJssLpt/,2021-02-08 06:00:36+00:00,"â€œthe staff in charge of diluting the vaccine had been called away to attend to other matters during the preparation of the vaccine, and a second staff member had mistaken the undiluted dose in the vial to be ready for administering,â€ the singapore national eye centre (snec) said. 

how is the affected staff member now?
read on, when you click on the link in bio @todayonline 

#covid_19 #vaccine #covid19vacccine #singapore #singaporenationaleyecentre"
sg_trains_videography,The thing is... Why the person go take 5 shots when he know only need 2?,2021-02-08T07:20:52.000Z,https://www.instagram.com/p/CLBThJssLpt/,2021-02-08 06:00:36+00:00,"â€œthe staff in charge of diluting the vaccine had been called away to attend to other matters during the preparation of the vaccine, and a second staff member had mistaken the undiluted dose in the vial to be ready for administering,â€ the singapore national eye centre (snec) said. 

how is the affected staff member now?
read on, when you click on the link in bio @todayonline 

#covid_19 #vaccine #covid19vacccine #singapore #singaporenationaleyecentre"
s7harin_a26rrow,Sue la million dollars..,2021-02-08T07:49:43.000Z,https://www.instagram.com/p/CLBThJssLpt/,2021-02-08 06:00:36+00:00,"â€œthe staff in charge of diluting the vaccine had been called away to attend to other matters during the preparation of the vaccine, and a second staff member had mistaken the undiluted dose in the vial to be ready for administering,â€ the singapore national eye centre (snec) said. 

how is the affected staff member now?
read on, when you click on the link in bio @todayonline 

#covid_19 #vaccine #covid19vacccine #singapore #singaporenationaleyecentre"
theragemonsta,undercover hitman,2021-02-08T07:40:21.000Z,https://www.instagram.com/p/CLBThJssLpt/,2021-02-08 06:00:36+00:00,"â€œthe staff in charge of diluting the vaccine had been called away to attend to other matters during the preparation of the vaccine, and a second staff member had mistaken the undiluted dose in the vial to be ready for administering,â€ the singapore national eye centre (snec) said. 

how is the affected staff member now?
read on, when you click on the link in bio @todayonline 

#covid_19 #vaccine #covid19vacccine #singapore #singaporenationaleyecentre"
aloysiuschiajing,Bruh.,2021-02-08T06:24:09.000Z,https://www.instagram.com/p/CLBThJssLpt/,2021-02-08 06:00:36+00:00,"â€œthe staff in charge of diluting the vaccine had been called away to attend to other matters during the preparation of the vaccine, and a second staff member had mistaken the undiluted dose in the vial to be ready for administering,â€ the singapore national eye centre (snec) said. 

how is the affected staff member now?
read on, when you click on the link in bio @todayonline 

#covid_19 #vaccine #covid19vacccine #singapore #singaporenationaleyecentre"
jared.chanmollychan,The comments are epic,2021-02-08T13:06:42.000Z,https://www.instagram.com/p/CLBThJssLpt/,2021-02-08 06:00:36+00:00,"â€œthe staff in charge of diluting the vaccine had been called away to attend to other matters during the preparation of the vaccine, and a second staff member had mistaken the undiluted dose in the vial to be ready for administering,â€ the singapore national eye centre (snec) said. 

how is the affected staff member now?
read on, when you click on the link in bio @todayonline 

#covid_19 #vaccine #covid19vacccine #singapore #singaporenationaleyecentre"
nowseeds,Pretty good efficacy rate.,2021-02-03T07:14:57.000Z,https://www.instagram.com/p/CK0j9XQB_T1/,2021-02-03 07:14:08+00:00,"giving this update in parliament, senior minister of state for health janil puthucheary said on monday that the four who suffered from anaphylaxis - the rapid onset of severe allergic reactions - are in their 20s and 30s, and have recovered from the episode. 

they developed multiple symptoms, such as rash, breathlessness, lip swelling, throat tightness and giddiness.

read on, when u click on the link in bio @todayonline 

#covid_19 #vaccine #singapore #sghealth #allergy #anaphylaxis"
mary_morgan92728,Very good idea ğŸ‘,2021-02-03T07:18:18.000Z,https://www.instagram.com/p/CK0j9XQB_T1/,2021-02-03 07:14:08+00:00,"giving this update in parliament, senior minister of state for health janil puthucheary said on monday that the four who suffered from anaphylaxis - the rapid onset of severe allergic reactions - are in their 20s and 30s, and have recovered from the episode. 

they developed multiple symptoms, such as rash, breathlessness, lip swelling, throat tightness and giddiness.

read on, when u click on the link in bio @todayonline 

#covid_19 #vaccine #singapore #sghealth #allergy #anaphylaxis"
mary_morgan92728,â¤ï¸â¤ï¸â¤ï¸,2021-02-03T07:18:19.000Z,https://www.instagram.com/p/CK0j9XQB_T1/,2021-02-03 07:14:08+00:00,"giving this update in parliament, senior minister of state for health janil puthucheary said on monday that the four who suffered from anaphylaxis - the rapid onset of severe allergic reactions - are in their 20s and 30s, and have recovered from the episode. 

they developed multiple symptoms, such as rash, breathlessness, lip swelling, throat tightness and giddiness.

read on, when u click on the link in bio @todayonline 

#covid_19 #vaccine #singapore #sghealth #allergy #anaphylaxis"
jaisequel,can't stop my family from being suddenly anti-covid-vaxx smfh,2021-02-03T07:19:13.000Z,https://www.instagram.com/p/CK0j9XQB_T1/,2021-02-03 07:14:08+00:00,"giving this update in parliament, senior minister of state for health janil puthucheary said on monday that the four who suffered from anaphylaxis - the rapid onset of severe allergic reactions - are in their 20s and 30s, and have recovered from the episode. 

they developed multiple symptoms, such as rash, breathlessness, lip swelling, throat tightness and giddiness.

read on, when u click on the link in bio @todayonline 

#covid_19 #vaccine #singapore #sghealth #allergy #anaphylaxis"
melwu5057,Can't wait for your turn to get the vaccine than we will be protected from getting the virus,2021-02-03T07:19:53.000Z,https://www.instagram.com/p/CK0j9XQB_T1/,2021-02-03 07:14:08+00:00,"giving this update in parliament, senior minister of state for health janil puthucheary said on monday that the four who suffered from anaphylaxis - the rapid onset of severe allergic reactions - are in their 20s and 30s, and have recovered from the episode. 

they developed multiple symptoms, such as rash, breathlessness, lip swelling, throat tightness and giddiness.

read on, when u click on the link in bio @todayonline 

#covid_19 #vaccine #singapore #sghealth #allergy #anaphylaxis"
satiresg,Oh no! Anyway,2021-02-03T07:20:30.000Z,https://www.instagram.com/p/CK0j9XQB_T1/,2021-02-03 07:14:08+00:00,"giving this update in parliament, senior minister of state for health janil puthucheary said on monday that the four who suffered from anaphylaxis - the rapid onset of severe allergic reactions - are in their 20s and 30s, and have recovered from the episode. 

they developed multiple symptoms, such as rash, breathlessness, lip swelling, throat tightness and giddiness.

read on, when u click on the link in bio @todayonline 

#covid_19 #vaccine #singapore #sghealth #allergy #anaphylaxis"
syamvstheuniverse,Umm no thanks,2021-02-03T14:00:15.000Z,https://www.instagram.com/p/CK0j9XQB_T1/,2021-02-03 07:14:08+00:00,"giving this update in parliament, senior minister of state for health janil puthucheary said on monday that the four who suffered from anaphylaxis - the rapid onset of severe allergic reactions - are in their 20s and 30s, and have recovered from the episode. 

they developed multiple symptoms, such as rash, breathlessness, lip swelling, throat tightness and giddiness.

read on, when u click on the link in bio @todayonline 

#covid_19 #vaccine #singapore #sghealth #allergy #anaphylaxis"
hsiaoyinn,Wheres the gloves???,2021-01-08T13:16:24.000Z,https://www.instagram.com/p/CJxp99aBfu_/,2021-01-08 07:40:51+00:00,"ğŸ’‰ğŸ¦ about three weeks after singapore received its first shipment of covid-19 vaccines, prime minister lee hsien loong received his jab at the singapore general hospital today (jan 8). 

he was joined by associate professor kenneth mak, 53, director of medical services at the ministry of health, who also received a shot.

mr lee, 68, who rested for half an hour after the jab, said: â€œitâ€™s painless, itâ€™s effective and itâ€™s important. i hope singaporeans will take it up as we roll it out.â€ he will get the second dose of the vaccine in three weeks.

read on, when you click on the link in bio @todayonline 

 #pmlee #primeminister #leehsienloong #covid_19 #vaccine #coronavirus #singapore #singaporegeneralhospital #pfizer @moh_singapore"
7iger_adventure,This is first time seeing nurse not wearing glove while giving shot ğŸ¤¬ğŸ¤¬ğŸ¤¬,2021-01-08T13:25:50.000Z,https://www.instagram.com/p/CJxp99aBfu_/,2021-01-08 07:40:51+00:00,"ğŸ’‰ğŸ¦ about three weeks after singapore received its first shipment of covid-19 vaccines, prime minister lee hsien loong received his jab at the singapore general hospital today (jan 8). 

he was joined by associate professor kenneth mak, 53, director of medical services at the ministry of health, who also received a shot.

mr lee, 68, who rested for half an hour after the jab, said: â€œitâ€™s painless, itâ€™s effective and itâ€™s important. i hope singaporeans will take it up as we roll it out.â€ he will get the second dose of the vaccine in three weeks.

read on, when you click on the link in bio @todayonline 

 #pmlee #primeminister #leehsienloong #covid_19 #vaccine #coronavirus #singapore #singaporegeneralhospital #pfizer @moh_singapore"
nyrejt,BYE THAT LOOKS SO PAIN,2021-01-08T15:16:05.000Z,https://www.instagram.com/p/CJxp99aBfu_/,2021-01-08 07:40:51+00:00,"ğŸ’‰ğŸ¦ about three weeks after singapore received its first shipment of covid-19 vaccines, prime minister lee hsien loong received his jab at the singapore general hospital today (jan 8). 

he was joined by associate professor kenneth mak, 53, director of medical services at the ministry of health, who also received a shot.

mr lee, 68, who rested for half an hour after the jab, said: â€œitâ€™s painless, itâ€™s effective and itâ€™s important. i hope singaporeans will take it up as we roll it out.â€ he will get the second dose of the vaccine in three weeks.

read on, when you click on the link in bio @todayonline 

 #pmlee #primeminister #leehsienloong #covid_19 #vaccine #coronavirus #singapore #singaporegeneralhospital #pfizer @moh_singapore"
junbin769,"It's so risky to have our leader take this jab. Our nation needs PM Lee, and I have so much anxiety watching this",2021-01-08T15:39:20.000Z,https://www.instagram.com/p/CJxp99aBfu_/,2021-01-08 07:40:51+00:00,"ğŸ’‰ğŸ¦ about three weeks after singapore received its first shipment of covid-19 vaccines, prime minister lee hsien loong received his jab at the singapore general hospital today (jan 8). 

he was joined by associate professor kenneth mak, 53, director of medical services at the ministry of health, who also received a shot.

mr lee, 68, who rested for half an hour after the jab, said: â€œitâ€™s painless, itâ€™s effective and itâ€™s important. i hope singaporeans will take it up as we roll it out.â€ he will get the second dose of the vaccine in three weeks.

read on, when you click on the link in bio @todayonline 

 #pmlee #primeminister #leehsienloong #covid_19 #vaccine #coronavirus #singapore #singaporegeneralhospital #pfizer @moh_singapore"
thomasrockafella,Why she never wear gloves?,2021-01-09T00:14:06.000Z,https://www.instagram.com/p/CJxp99aBfu_/,2021-01-08 07:40:51+00:00,"ğŸ’‰ğŸ¦ about three weeks after singapore received its first shipment of covid-19 vaccines, prime minister lee hsien loong received his jab at the singapore general hospital today (jan 8). 

he was joined by associate professor kenneth mak, 53, director of medical services at the ministry of health, who also received a shot.

mr lee, 68, who rested for half an hour after the jab, said: â€œitâ€™s painless, itâ€™s effective and itâ€™s important. i hope singaporeans will take it up as we roll it out.â€ he will get the second dose of the vaccine in three weeks.

read on, when you click on the link in bio @todayonline 

 #pmlee #primeminister #leehsienloong #covid_19 #vaccine #coronavirus #singapore #singaporegeneralhospital #pfizer @moh_singapore"
thomas.tyrone.beiron.tay,They should include those with chronic illness/disease who are most vulnerable to Covid-19 as a potentially fatal complication among the first wave.,2021-01-09T03:24:18.000Z,https://www.instagram.com/p/CJxp99aBfu_/,2021-01-08 07:40:51+00:00,"ğŸ’‰ğŸ¦ about three weeks after singapore received its first shipment of covid-19 vaccines, prime minister lee hsien loong received his jab at the singapore general hospital today (jan 8). 

he was joined by associate professor kenneth mak, 53, director of medical services at the ministry of health, who also received a shot.

mr lee, 68, who rested for half an hour after the jab, said: â€œitâ€™s painless, itâ€™s effective and itâ€™s important. i hope singaporeans will take it up as we roll it out.â€ he will get the second dose of the vaccine in three weeks.

read on, when you click on the link in bio @todayonline 

 #pmlee #primeminister #leehsienloong #covid_19 #vaccine #coronavirus #singapore #singaporegeneralhospital #pfizer @moh_singapore"
oppo.lee,Look like glucose to me,2021-01-09T10:07:39.000Z,https://www.instagram.com/p/CJxp99aBfu_/,2021-01-08 07:40:51+00:00,"ğŸ’‰ğŸ¦ about three weeks after singapore received its first shipment of covid-19 vaccines, prime minister lee hsien loong received his jab at the singapore general hospital today (jan 8). 

he was joined by associate professor kenneth mak, 53, director of medical services at the ministry of health, who also received a shot.

mr lee, 68, who rested for half an hour after the jab, said: â€œitâ€™s painless, itâ€™s effective and itâ€™s important. i hope singaporeans will take it up as we roll it out.â€ he will get the second dose of the vaccine in three weeks.

read on, when you click on the link in bio @todayonline 

 #pmlee #primeminister #leehsienloong #covid_19 #vaccine #coronavirus #singapore #singaporegeneralhospital #pfizer @moh_singapore"
rabbitgirl8332,"Life very difficult hor , now PM Lee took jab worry risky , if PM Lee wait till many have the jab , people will said why donâ€™t PM Lee jab first",2021-01-09T10:51:21.000Z,https://www.instagram.com/p/CJxp99aBfu_/,2021-01-08 07:40:51+00:00,"ğŸ’‰ğŸ¦ about three weeks after singapore received its first shipment of covid-19 vaccines, prime minister lee hsien loong received his jab at the singapore general hospital today (jan 8). 

he was joined by associate professor kenneth mak, 53, director of medical services at the ministry of health, who also received a shot.

mr lee, 68, who rested for half an hour after the jab, said: â€œitâ€™s painless, itâ€™s effective and itâ€™s important. i hope singaporeans will take it up as we roll it out.â€ he will get the second dose of the vaccine in three weeks.

read on, when you click on the link in bio @todayonline 

 #pmlee #primeminister #leehsienloong #covid_19 #vaccine #coronavirus #singapore #singaporegeneralhospital #pfizer @moh_singapore"
neave_chua,"When she is piercing it in,it looks like the need le is either not that sharp or PM Lee skin is thick",2021-01-09T16:28:35.000Z,https://www.instagram.com/p/CJxp99aBfu_/,2021-01-08 07:40:51+00:00,"ğŸ’‰ğŸ¦ about three weeks after singapore received its first shipment of covid-19 vaccines, prime minister lee hsien loong received his jab at the singapore general hospital today (jan 8). 

he was joined by associate professor kenneth mak, 53, director of medical services at the ministry of health, who also received a shot.

mr lee, 68, who rested for half an hour after the jab, said: â€œitâ€™s painless, itâ€™s effective and itâ€™s important. i hope singaporeans will take it up as we roll it out.â€ he will get the second dose of the vaccine in three weeks.

read on, when you click on the link in bio @todayonline 

 #pmlee #primeminister #leehsienloong #covid_19 #vaccine #coronavirus #singapore #singaporegeneralhospital #pfizer @moh_singapore"
akghous,"May you be in good health , Sir . After receiving your vaccine covid 19 . Jab we called it .",2021-01-10T00:18:37.000Z,https://www.instagram.com/p/CJxp99aBfu_/,2021-01-08 07:40:51+00:00,"ğŸ’‰ğŸ¦ about three weeks after singapore received its first shipment of covid-19 vaccines, prime minister lee hsien loong received his jab at the singapore general hospital today (jan 8). 

he was joined by associate professor kenneth mak, 53, director of medical services at the ministry of health, who also received a shot.

mr lee, 68, who rested for half an hour after the jab, said: â€œitâ€™s painless, itâ€™s effective and itâ€™s important. i hope singaporeans will take it up as we roll it out.â€ he will get the second dose of the vaccine in three weeks.

read on, when you click on the link in bio @todayonline 

 #pmlee #primeminister #leehsienloong #covid_19 #vaccine #coronavirus #singapore #singaporegeneralhospital #pfizer @moh_singapore"
corona_varus,I swear that nurse dam stress,2021-01-10T04:09:22.000Z,https://www.instagram.com/p/CJxp99aBfu_/,2021-01-08 07:40:51+00:00,"ğŸ’‰ğŸ¦ about three weeks after singapore received its first shipment of covid-19 vaccines, prime minister lee hsien loong received his jab at the singapore general hospital today (jan 8). 

he was joined by associate professor kenneth mak, 53, director of medical services at the ministry of health, who also received a shot.

mr lee, 68, who rested for half an hour after the jab, said: â€œitâ€™s painless, itâ€™s effective and itâ€™s important. i hope singaporeans will take it up as we roll it out.â€ he will get the second dose of the vaccine in three weeks.

read on, when you click on the link in bio @todayonline 

 #pmlee #primeminister #leehsienloong #covid_19 #vaccine #coronavirus #singapore #singaporegeneralhospital #pfizer @moh_singapore"
hayati_maidin,The nurse didnâ€™t wear any gloves and even her fingers touched the tip of the needle pin that went into the skin.. ğŸ˜¢ğŸ˜¢,2021-01-13T14:55:16.000Z,https://www.instagram.com/p/CJxp99aBfu_/,2021-01-08 07:40:51+00:00,"ğŸ’‰ğŸ¦ about three weeks after singapore received its first shipment of covid-19 vaccines, prime minister lee hsien loong received his jab at the singapore general hospital today (jan 8). 

he was joined by associate professor kenneth mak, 53, director of medical services at the ministry of health, who also received a shot.

mr lee, 68, who rested for half an hour after the jab, said: â€œitâ€™s painless, itâ€™s effective and itâ€™s important. i hope singaporeans will take it up as we roll it out.â€ he will get the second dose of the vaccine in three weeks.

read on, when you click on the link in bio @todayonline 

 #pmlee #primeminister #leehsienloong #covid_19 #vaccine #coronavirus #singapore #singaporegeneralhospital #pfizer @moh_singapore"
hometrust.sg,"Letâ€™s all stay safe Singapore. 2021 is around the corner, together we can all make a difference ğŸ‘ğŸ»ğŸ‡¸ğŸ‡¬",2020-12-30T09:53:30.000Z,https://www.instagram.com/p/CJatg68hSiA/,2020-12-30 09:51:34+00:00,"ğŸ’‰ğŸ¦ vaccinations, letâ€™s go.
 
today, senior staff nurse sarah lim became the first person in singapore to receive a covid-19 vaccination, with more than 30 other healthcare workers at the national centre for infectious diseases also set to receive the jab.

they are getting their first dose of the covid-19 vaccine developed by united states pharmaceutical giant pfizer and german firm biontech. this vaccine requires two injections, given 21 days apart. those who receive the first dose today (dec 30) are scheduled to return for their second dose on jan 20 next year.

watch the video, and read our story when you click on the link in bio @todayonline 

#covid_19 #vaccine #pfizer #covid19vacccine #ncidsg #nationalcentreforinfectiousdiseases #frontlineworkers #healthcareworkers #pfizerbiontechcovid19vaccine #letsgo"
joycesvillareal,ğŸ‘ğŸ‘ğŸ‘ğŸ‘ğŸ˜,2020-12-30T10:02:34.000Z,https://www.instagram.com/p/CJatg68hSiA/,2020-12-30 09:51:34+00:00,"ğŸ’‰ğŸ¦ vaccinations, letâ€™s go.
 
today, senior staff nurse sarah lim became the first person in singapore to receive a covid-19 vaccination, with more than 30 other healthcare workers at the national centre for infectious diseases also set to receive the jab.

they are getting their first dose of the covid-19 vaccine developed by united states pharmaceutical giant pfizer and german firm biontech. this vaccine requires two injections, given 21 days apart. those who receive the first dose today (dec 30) are scheduled to return for their second dose on jan 20 next year.

watch the video, and read our story when you click on the link in bio @todayonline 

#covid_19 #vaccine #pfizer #covid19vacccine #ncidsg #nationalcentreforinfectiousdiseases #frontlineworkers #healthcareworkers #pfizerbiontechcovid19vaccine #letsgo"
together_destiny,ğŸ‘ğŸ‘ğŸ‘ğŸ‘ğŸ‘ğŸ‘ğŸ‘ğŸ‘,2020-12-30T11:38:19.000Z,https://www.instagram.com/p/CJatg68hSiA/,2020-12-30 09:51:34+00:00,"ğŸ’‰ğŸ¦ vaccinations, letâ€™s go.
 
today, senior staff nurse sarah lim became the first person in singapore to receive a covid-19 vaccination, with more than 30 other healthcare workers at the national centre for infectious diseases also set to receive the jab.

they are getting their first dose of the covid-19 vaccine developed by united states pharmaceutical giant pfizer and german firm biontech. this vaccine requires two injections, given 21 days apart. those who receive the first dose today (dec 30) are scheduled to return for their second dose on jan 20 next year.

watch the video, and read our story when you click on the link in bio @todayonline 

#covid_19 #vaccine #pfizer #covid19vacccine #ncidsg #nationalcentreforinfectiousdiseases #frontlineworkers #healthcareworkers #pfizerbiontechcovid19vaccine #letsgo"
chrisshaw_cc,ğŸ‘ğŸ‘ğŸ‘ğŸ‘ğŸ‘ğŸ‘ğŸ‘,2020-12-30T12:19:39.000Z,https://www.instagram.com/p/CJatg68hSiA/,2020-12-30 09:51:34+00:00,"ğŸ’‰ğŸ¦ vaccinations, letâ€™s go.
 
today, senior staff nurse sarah lim became the first person in singapore to receive a covid-19 vaccination, with more than 30 other healthcare workers at the national centre for infectious diseases also set to receive the jab.

they are getting their first dose of the covid-19 vaccine developed by united states pharmaceutical giant pfizer and german firm biontech. this vaccine requires two injections, given 21 days apart. those who receive the first dose today (dec 30) are scheduled to return for their second dose on jan 20 next year.

watch the video, and read our story when you click on the link in bio @todayonline 

#covid_19 #vaccine #pfizer #covid19vacccine #ncidsg #nationalcentreforinfectiousdiseases #frontlineworkers #healthcareworkers #pfizerbiontechcovid19vaccine #letsgo"
psalm_23.d,"Once vaccinated, got certificate ? Can travel to anywhere ???",2020-12-30T12:27:28.000Z,https://www.instagram.com/p/CJatg68hSiA/,2020-12-30 09:51:34+00:00,"ğŸ’‰ğŸ¦ vaccinations, letâ€™s go.
 
today, senior staff nurse sarah lim became the first person in singapore to receive a covid-19 vaccination, with more than 30 other healthcare workers at the national centre for infectious diseases also set to receive the jab.

they are getting their first dose of the covid-19 vaccine developed by united states pharmaceutical giant pfizer and german firm biontech. this vaccine requires two injections, given 21 days apart. those who receive the first dose today (dec 30) are scheduled to return for their second dose on jan 20 next year.

watch the video, and read our story when you click on the link in bio @todayonline 

#covid_19 #vaccine #pfizer #covid19vacccine #ncidsg #nationalcentreforinfectiousdiseases #frontlineworkers #healthcareworkers #pfizerbiontechcovid19vaccine #letsgo"
itsnorjahan,Why was the guy administering the vaccine not wearing gloves tho?!,2020-12-30T15:03:10.000Z,https://www.instagram.com/p/CJatg68hSiA/,2020-12-30 09:51:34+00:00,"ğŸ’‰ğŸ¦ vaccinations, letâ€™s go.
 
today, senior staff nurse sarah lim became the first person in singapore to receive a covid-19 vaccination, with more than 30 other healthcare workers at the national centre for infectious diseases also set to receive the jab.

they are getting their first dose of the covid-19 vaccine developed by united states pharmaceutical giant pfizer and german firm biontech. this vaccine requires two injections, given 21 days apart. those who receive the first dose today (dec 30) are scheduled to return for their second dose on jan 20 next year.

watch the video, and read our story when you click on the link in bio @todayonline 

#covid_19 #vaccine #pfizer #covid19vacccine #ncidsg #nationalcentreforinfectiousdiseases #frontlineworkers #healthcareworkers #pfizerbiontechcovid19vaccine #letsgo"
an_nalim,R they given choice whether to jab or not,2020-12-30T15:03:38.000Z,https://www.instagram.com/p/CJatg68hSiA/,2020-12-30 09:51:34+00:00,"ğŸ’‰ğŸ¦ vaccinations, letâ€™s go.
 
today, senior staff nurse sarah lim became the first person in singapore to receive a covid-19 vaccination, with more than 30 other healthcare workers at the national centre for infectious diseases also set to receive the jab.

they are getting their first dose of the covid-19 vaccine developed by united states pharmaceutical giant pfizer and german firm biontech. this vaccine requires two injections, given 21 days apart. those who receive the first dose today (dec 30) are scheduled to return for their second dose on jan 20 next year.

watch the video, and read our story when you click on the link in bio @todayonline 

#covid_19 #vaccine #pfizer #covid19vacccine #ncidsg #nationalcentreforinfectiousdiseases #frontlineworkers #healthcareworkers #pfizerbiontechcovid19vaccine #letsgo"
waynerd_,Honestly that's a deep injection lol,2020-12-30T15:22:54.000Z,https://www.instagram.com/p/CJatg68hSiA/,2020-12-30 09:51:34+00:00,"ğŸ’‰ğŸ¦ vaccinations, letâ€™s go.
 
today, senior staff nurse sarah lim became the first person in singapore to receive a covid-19 vaccination, with more than 30 other healthcare workers at the national centre for infectious diseases also set to receive the jab.

they are getting their first dose of the covid-19 vaccine developed by united states pharmaceutical giant pfizer and german firm biontech. this vaccine requires two injections, given 21 days apart. those who receive the first dose today (dec 30) are scheduled to return for their second dose on jan 20 next year.

watch the video, and read our story when you click on the link in bio @todayonline 

#covid_19 #vaccine #pfizer #covid19vacccine #ncidsg #nationalcentreforinfectiousdiseases #frontlineworkers #healthcareworkers #pfizerbiontechcovid19vaccine #letsgo"
susanlim_76,Alamak ğŸ¤¦â€â™€ï¸without gloves leh ğŸ˜¨,2020-12-30T15:52:19.000Z,https://www.instagram.com/p/CJatg68hSiA/,2020-12-30 09:51:34+00:00,"ğŸ’‰ğŸ¦ vaccinations, letâ€™s go.
 
today, senior staff nurse sarah lim became the first person in singapore to receive a covid-19 vaccination, with more than 30 other healthcare workers at the national centre for infectious diseases also set to receive the jab.

they are getting their first dose of the covid-19 vaccine developed by united states pharmaceutical giant pfizer and german firm biontech. this vaccine requires two injections, given 21 days apart. those who receive the first dose today (dec 30) are scheduled to return for their second dose on jan 20 next year.

watch the video, and read our story when you click on the link in bio @todayonline 

#covid_19 #vaccine #pfizer #covid19vacccine #ncidsg #nationalcentreforinfectiousdiseases #frontlineworkers #healthcareworkers #pfizerbiontechcovid19vaccine #letsgo"
tiredafmissy,"To be honest, there is no need to wear gloves when giving IM injections unless the staff has open lesions or the patient is on anti-coagulants and bleeding is expected. Just need to practise standard precautions ğŸ˜Š",2020-12-30T17:52:02.000Z,https://www.instagram.com/p/CJatg68hSiA/,2020-12-30 09:51:34+00:00,"ğŸ’‰ğŸ¦ vaccinations, letâ€™s go.
 
today, senior staff nurse sarah lim became the first person in singapore to receive a covid-19 vaccination, with more than 30 other healthcare workers at the national centre for infectious diseases also set to receive the jab.

they are getting their first dose of the covid-19 vaccine developed by united states pharmaceutical giant pfizer and german firm biontech. this vaccine requires two injections, given 21 days apart. those who receive the first dose today (dec 30) are scheduled to return for their second dose on jan 20 next year.

watch the video, and read our story when you click on the link in bio @todayonline 

#covid_19 #vaccine #pfizer #covid19vacccine #ncidsg #nationalcentreforinfectiousdiseases #frontlineworkers #healthcareworkers #pfizerbiontechcovid19vaccine #letsgo"
jenifer.gunawan,Hmmm ... why not using glove ğŸ˜±,2020-12-30T23:26:50.000Z,https://www.instagram.com/p/CJatg68hSiA/,2020-12-30 09:51:34+00:00,"ğŸ’‰ğŸ¦ vaccinations, letâ€™s go.
 
today, senior staff nurse sarah lim became the first person in singapore to receive a covid-19 vaccination, with more than 30 other healthcare workers at the national centre for infectious diseases also set to receive the jab.

they are getting their first dose of the covid-19 vaccine developed by united states pharmaceutical giant pfizer and german firm biontech. this vaccine requires two injections, given 21 days apart. those who receive the first dose today (dec 30) are scheduled to return for their second dose on jan 20 next year.

watch the video, and read our story when you click on the link in bio @todayonline 

#covid_19 #vaccine #pfizer #covid19vacccine #ncidsg #nationalcentreforinfectiousdiseases #frontlineworkers #healthcareworkers #pfizerbiontechcovid19vaccine #letsgo"
sherswtc,"Those asking abt gloves, do you put it on when washing arse? Not necessary when precautions taken!!",2020-12-31T03:58:22.000Z,https://www.instagram.com/p/CJatg68hSiA/,2020-12-30 09:51:34+00:00,"ğŸ’‰ğŸ¦ vaccinations, letâ€™s go.
 
today, senior staff nurse sarah lim became the first person in singapore to receive a covid-19 vaccination, with more than 30 other healthcare workers at the national centre for infectious diseases also set to receive the jab.

they are getting their first dose of the covid-19 vaccine developed by united states pharmaceutical giant pfizer and german firm biontech. this vaccine requires two injections, given 21 days apart. those who receive the first dose today (dec 30) are scheduled to return for their second dose on jan 20 next year.

watch the video, and read our story when you click on the link in bio @todayonline 

#covid_19 #vaccine #pfizer #covid19vacccine #ncidsg #nationalcentreforinfectiousdiseases #frontlineworkers #healthcareworkers #pfizerbiontechcovid19vaccine #letsgo"
yi_shan9610,@um4irxh I forgot kidney dishes r white,2020-12-31T08:15:17.000Z,https://www.instagram.com/p/CJatg68hSiA/,2020-12-30 09:51:34+00:00,"ğŸ’‰ğŸ¦ vaccinations, letâ€™s go.
 
today, senior staff nurse sarah lim became the first person in singapore to receive a covid-19 vaccination, with more than 30 other healthcare workers at the national centre for infectious diseases also set to receive the jab.

they are getting their first dose of the covid-19 vaccine developed by united states pharmaceutical giant pfizer and german firm biontech. this vaccine requires two injections, given 21 days apart. those who receive the first dose today (dec 30) are scheduled to return for their second dose on jan 20 next year.

watch the video, and read our story when you click on the link in bio @todayonline 

#covid_19 #vaccine #pfizer #covid19vacccine #ncidsg #nationalcentreforinfectiousdiseases #frontlineworkers #healthcareworkers #pfizerbiontechcovid19vaccine #letsgo"
shaun_liew,Is all ministers  takingâ“. Or they wait n see 1stğŸ¤£ğŸ¤£ğŸ¤£,2020-12-22T04:21:14.000Z,https://www.instagram.com/p/CJFelCYjh5d/,2020-12-22 03:51:25+00:00,"singapore is the first asian country to receive the vaccine. 

singapore received its first shipment of covid-19 vaccine yesterday evening on board a singapore airlines (sia) cargo flight from belgium, where it was manufactured.

the pfizer-biontech vaccine arrived at changi airport at about 7.35pm.

the vaccine for the sars-cov-2 coronavirus is the first one to be approved for use in singapore. vaccines produced by other drug manufacturers are expected to arrive in singapore in the coming months.

in a facebook post yesterday night, prime minister lee hsien loong said that the governmental covid-19 task force will announce the details of the roll-out of the vaccination schedules in due course. ""we are prioritising our healthcare workers and the elderly. vaccination will be voluntary, but i encourage singaporeans to take the vaccine,"" he said.

read on, when you click on the link in bio @todayonline 

#vaccine #pfizer #covid_19 #covidvacccine #coronavirusvacccine #singapore"
_chinesevirus_,These will help to fight the CHINAVIRUS,2020-12-22T04:21:57.000Z,https://www.instagram.com/p/CJFelCYjh5d/,2020-12-22 03:51:25+00:00,"singapore is the first asian country to receive the vaccine. 

singapore received its first shipment of covid-19 vaccine yesterday evening on board a singapore airlines (sia) cargo flight from belgium, where it was manufactured.

the pfizer-biontech vaccine arrived at changi airport at about 7.35pm.

the vaccine for the sars-cov-2 coronavirus is the first one to be approved for use in singapore. vaccines produced by other drug manufacturers are expected to arrive in singapore in the coming months.

in a facebook post yesterday night, prime minister lee hsien loong said that the governmental covid-19 task force will announce the details of the roll-out of the vaccination schedules in due course. ""we are prioritising our healthcare workers and the elderly. vaccination will be voluntary, but i encourage singaporeans to take the vaccine,"" he said.

read on, when you click on the link in bio @todayonline 

#vaccine #pfizer #covid_19 #covidvacccine #coronavirusvacccine #singapore"
katherinechariot,"Greatest trader of all time i never believed it until I experienced it. For a start I deposited â‚¬2000 to test the waters, in 7 days u got a return of â‚¬18,450 him diligence and honest is undeniable  @official.richard.williams",2020-12-22T05:56:59.000Z,https://www.instagram.com/p/CJFelCYjh5d/,2020-12-22 03:51:25+00:00,"singapore is the first asian country to receive the vaccine. 

singapore received its first shipment of covid-19 vaccine yesterday evening on board a singapore airlines (sia) cargo flight from belgium, where it was manufactured.

the pfizer-biontech vaccine arrived at changi airport at about 7.35pm.

the vaccine for the sars-cov-2 coronavirus is the first one to be approved for use in singapore. vaccines produced by other drug manufacturers are expected to arrive in singapore in the coming months.

in a facebook post yesterday night, prime minister lee hsien loong said that the governmental covid-19 task force will announce the details of the roll-out of the vaccination schedules in due course. ""we are prioritising our healthcare workers and the elderly. vaccination will be voluntary, but i encourage singaporeans to take the vaccine,"" he said.

read on, when you click on the link in bio @todayonline 

#vaccine #pfizer #covid_19 #covidvacccine #coronavirusvacccine #singapore"
0.1.feb,Faster open karaoke lah! So long never have my private concert I forgot how to even hold a mic! ğŸ˜­,2020-12-22T06:50:05.000Z,https://www.instagram.com/p/CJFelCYjh5d/,2020-12-22 03:51:25+00:00,"singapore is the first asian country to receive the vaccine. 

singapore received its first shipment of covid-19 vaccine yesterday evening on board a singapore airlines (sia) cargo flight from belgium, where it was manufactured.

the pfizer-biontech vaccine arrived at changi airport at about 7.35pm.

the vaccine for the sars-cov-2 coronavirus is the first one to be approved for use in singapore. vaccines produced by other drug manufacturers are expected to arrive in singapore in the coming months.

in a facebook post yesterday night, prime minister lee hsien loong said that the governmental covid-19 task force will announce the details of the roll-out of the vaccination schedules in due course. ""we are prioritising our healthcare workers and the elderly. vaccination will be voluntary, but i encourage singaporeans to take the vaccine,"" he said.

read on, when you click on the link in bio @todayonline 

#vaccine #pfizer #covid_19 #covidvacccine #coronavirusvacccine #singapore"
niqelodean,Is it just me that doesnâ€™t trust the ability of the Vaccine,2020-12-22T06:52:25.000Z,https://www.instagram.com/p/CJFelCYjh5d/,2020-12-22 03:51:25+00:00,"singapore is the first asian country to receive the vaccine. 

singapore received its first shipment of covid-19 vaccine yesterday evening on board a singapore airlines (sia) cargo flight from belgium, where it was manufactured.

the pfizer-biontech vaccine arrived at changi airport at about 7.35pm.

the vaccine for the sars-cov-2 coronavirus is the first one to be approved for use in singapore. vaccines produced by other drug manufacturers are expected to arrive in singapore in the coming months.

in a facebook post yesterday night, prime minister lee hsien loong said that the governmental covid-19 task force will announce the details of the roll-out of the vaccination schedules in due course. ""we are prioritising our healthcare workers and the elderly. vaccination will be voluntary, but i encourage singaporeans to take the vaccine,"" he said.

read on, when you click on the link in bio @todayonline 

#vaccine #pfizer #covid_19 #covidvacccine #coronavirusvacccine #singapore"
supi.noordin,â¤ï¸,2020-12-22T07:44:46.000Z,https://www.instagram.com/p/CJFelCYjh5d/,2020-12-22 03:51:25+00:00,"singapore is the first asian country to receive the vaccine. 

singapore received its first shipment of covid-19 vaccine yesterday evening on board a singapore airlines (sia) cargo flight from belgium, where it was manufactured.

the pfizer-biontech vaccine arrived at changi airport at about 7.35pm.

the vaccine for the sars-cov-2 coronavirus is the first one to be approved for use in singapore. vaccines produced by other drug manufacturers are expected to arrive in singapore in the coming months.

in a facebook post yesterday night, prime minister lee hsien loong said that the governmental covid-19 task force will announce the details of the roll-out of the vaccination schedules in due course. ""we are prioritising our healthcare workers and the elderly. vaccination will be voluntary, but i encourage singaporeans to take the vaccine,"" he said.

read on, when you click on the link in bio @todayonline 

#vaccine #pfizer #covid_19 #covidvacccine #coronavirusvacccine #singapore"
jt535582,GreatğŸ™Œ,2020-12-22T07:58:19.000Z,https://www.instagram.com/p/CJFelCYjh5d/,2020-12-22 03:51:25+00:00,"singapore is the first asian country to receive the vaccine. 

singapore received its first shipment of covid-19 vaccine yesterday evening on board a singapore airlines (sia) cargo flight from belgium, where it was manufactured.

the pfizer-biontech vaccine arrived at changi airport at about 7.35pm.

the vaccine for the sars-cov-2 coronavirus is the first one to be approved for use in singapore. vaccines produced by other drug manufacturers are expected to arrive in singapore in the coming months.

in a facebook post yesterday night, prime minister lee hsien loong said that the governmental covid-19 task force will announce the details of the roll-out of the vaccination schedules in due course. ""we are prioritising our healthcare workers and the elderly. vaccination will be voluntary, but i encourage singaporeans to take the vaccine,"" he said.

read on, when you click on the link in bio @todayonline 

#vaccine #pfizer #covid_19 #covidvacccine #coronavirusvacccine #singapore"
ricky.emerson.chin,Good luck to those you tries it first and thanks for that. ğŸ™,2020-12-22T08:23:44.000Z,https://www.instagram.com/p/CJFelCYjh5d/,2020-12-22 03:51:25+00:00,"singapore is the first asian country to receive the vaccine. 

singapore received its first shipment of covid-19 vaccine yesterday evening on board a singapore airlines (sia) cargo flight from belgium, where it was manufactured.

the pfizer-biontech vaccine arrived at changi airport at about 7.35pm.

the vaccine for the sars-cov-2 coronavirus is the first one to be approved for use in singapore. vaccines produced by other drug manufacturers are expected to arrive in singapore in the coming months.

in a facebook post yesterday night, prime minister lee hsien loong said that the governmental covid-19 task force will announce the details of the roll-out of the vaccination schedules in due course. ""we are prioritising our healthcare workers and the elderly. vaccination will be voluntary, but i encourage singaporeans to take the vaccine,"" he said.

read on, when you click on the link in bio @todayonline 

#vaccine #pfizer #covid_19 #covidvacccine #coronavirusvacccine #singapore"
aethrax,"Everything want first, later cock up kancong cant handle",2020-12-22T09:08:37.000Z,https://www.instagram.com/p/CJFelCYjh5d/,2020-12-22 03:51:25+00:00,"singapore is the first asian country to receive the vaccine. 

singapore received its first shipment of covid-19 vaccine yesterday evening on board a singapore airlines (sia) cargo flight from belgium, where it was manufactured.

the pfizer-biontech vaccine arrived at changi airport at about 7.35pm.

the vaccine for the sars-cov-2 coronavirus is the first one to be approved for use in singapore. vaccines produced by other drug manufacturers are expected to arrive in singapore in the coming months.

in a facebook post yesterday night, prime minister lee hsien loong said that the governmental covid-19 task force will announce the details of the roll-out of the vaccination schedules in due course. ""we are prioritising our healthcare workers and the elderly. vaccination will be voluntary, but i encourage singaporeans to take the vaccine,"" he said.

read on, when you click on the link in bio @todayonline 

#vaccine #pfizer #covid_19 #covidvacccine #coronavirusvacccine #singapore"
legit_trusted_oldmoney_,Hello I buy old MALAYSIA ğŸ‡²ğŸ‡¾ (coin$note)10kmyr perâ˜ï¸Old SinğŸ‡¸ğŸ‡¬ (coin$note)10ksgd perâ˜ï¸Old BRU(coin$note)10kbnd perâ˜ï¸YA ALLAHğŸ™ğŸ’¼ğŸ’¼ğŸ’¯ğŸ’¯ğŸ’¯ğŸ’¯,2020-12-22T09:14:11.000Z,https://www.instagram.com/p/CJFelCYjh5d/,2020-12-22 03:51:25+00:00,"singapore is the first asian country to receive the vaccine. 

singapore received its first shipment of covid-19 vaccine yesterday evening on board a singapore airlines (sia) cargo flight from belgium, where it was manufactured.

the pfizer-biontech vaccine arrived at changi airport at about 7.35pm.

the vaccine for the sars-cov-2 coronavirus is the first one to be approved for use in singapore. vaccines produced by other drug manufacturers are expected to arrive in singapore in the coming months.

in a facebook post yesterday night, prime minister lee hsien loong said that the governmental covid-19 task force will announce the details of the roll-out of the vaccination schedules in due course. ""we are prioritising our healthcare workers and the elderly. vaccination will be voluntary, but i encourage singaporeans to take the vaccine,"" he said.

read on, when you click on the link in bio @todayonline 

#vaccine #pfizer #covid_19 #covidvacccine #coronavirusvacccine #singapore"
hadiiskandar08,ğŸ§Ÿâ€â™‚ï¸ ğŸ§Ÿâ€â™‚ï¸ ğŸ§Ÿâ€â™‚ï¸,2020-12-15T03:58:32.000Z,https://www.instagram.com/p/CIzcjVyBIs2/,2020-12-15 03:47:23+00:00,"ğŸ’‰ in his national address yesterday, prime minister lee hsien loong said that the authorities have approved the pfizer-biontech covid-19 vaccine for use here.

mr lee said that the first shipment should arrive by the end of december and that singapore is among the first countries to receive it. he added that there will be enough vaccines for everyone here by the third quarter of next year. 

from more than 200 vaccine candidates being developed, singapore chose the pfizer-biontech vaccine to be the first to be used here. pfizer-biontech have reported no serious safety concerns from their vaccine based on clinical trials. 

however, the healthcare authorities in the united kingdom said that there had been two reports of anaphylaxis and one report of a possible allergic reaction since the rollout of the pfizer-biontech vaccine began.&nbsp;anaphylaxis is a severe or even life-threatening allergic reaction to a medicine or food...

read on, when u click on the link in bio @todayonline 

#covid_19 #vaccine #singapore #pfizerbiontechcovidvaccine"
deanisaweeb,Titan,2020-12-15T04:02:17.000Z,https://www.instagram.com/p/CIzcjVyBIs2/,2020-12-15 03:47:23+00:00,"ğŸ’‰ in his national address yesterday, prime minister lee hsien loong said that the authorities have approved the pfizer-biontech covid-19 vaccine for use here.

mr lee said that the first shipment should arrive by the end of december and that singapore is among the first countries to receive it. he added that there will be enough vaccines for everyone here by the third quarter of next year. 

from more than 200 vaccine candidates being developed, singapore chose the pfizer-biontech vaccine to be the first to be used here. pfizer-biontech have reported no serious safety concerns from their vaccine based on clinical trials. 

however, the healthcare authorities in the united kingdom said that there had been two reports of anaphylaxis and one report of a possible allergic reaction since the rollout of the pfizer-biontech vaccine began.&nbsp;anaphylaxis is a severe or even life-threatening allergic reaction to a medicine or food...

read on, when u click on the link in bio @todayonline 

#covid_19 #vaccine #singapore #pfizerbiontechcovidvaccine"
arieltxn,ğŸ§Ÿâ€â™€ï¸,2020-12-15T04:09:29.000Z,https://www.instagram.com/p/CIzcjVyBIs2/,2020-12-15 03:47:23+00:00,"ğŸ’‰ in his national address yesterday, prime minister lee hsien loong said that the authorities have approved the pfizer-biontech covid-19 vaccine for use here.

mr lee said that the first shipment should arrive by the end of december and that singapore is among the first countries to receive it. he added that there will be enough vaccines for everyone here by the third quarter of next year. 

from more than 200 vaccine candidates being developed, singapore chose the pfizer-biontech vaccine to be the first to be used here. pfizer-biontech have reported no serious safety concerns from their vaccine based on clinical trials. 

however, the healthcare authorities in the united kingdom said that there had been two reports of anaphylaxis and one report of a possible allergic reaction since the rollout of the pfizer-biontech vaccine began.&nbsp;anaphylaxis is a severe or even life-threatening allergic reaction to a medicine or food...

read on, when u click on the link in bio @todayonline 

#covid_19 #vaccine #singapore #pfizerbiontechcovidvaccine"
kazusanph,@wyiilo ç–«è‹—å‡ºäº†åˆ«é©¬ä¸Šå»æ‰“ï¼Œä½ çœ‹åˆ«äººæ‰“å®Œäº†æ²¡å•¥äº‹å„¿ä½ å†å»æ‰“,2020-12-15T04:26:13.000Z,https://www.instagram.com/p/CIzcjVyBIs2/,2020-12-15 03:47:23+00:00,"ğŸ’‰ in his national address yesterday, prime minister lee hsien loong said that the authorities have approved the pfizer-biontech covid-19 vaccine for use here.

mr lee said that the first shipment should arrive by the end of december and that singapore is among the first countries to receive it. he added that there will be enough vaccines for everyone here by the third quarter of next year. 

from more than 200 vaccine candidates being developed, singapore chose the pfizer-biontech vaccine to be the first to be used here. pfizer-biontech have reported no serious safety concerns from their vaccine based on clinical trials. 

however, the healthcare authorities in the united kingdom said that there had been two reports of anaphylaxis and one report of a possible allergic reaction since the rollout of the pfizer-biontech vaccine began.&nbsp;anaphylaxis is a severe or even life-threatening allergic reaction to a medicine or food...

read on, when u click on the link in bio @todayonline 

#covid_19 #vaccine #singapore #pfizerbiontechcovidvaccine"
fidelis887889,Feel so excited making money from home despite being quarantine Because of corona virus have made $7040 with the amount of $700 this is more than my usual monthly cheque @official_annmcphil,2020-12-15T04:41:38.000Z,https://www.instagram.com/p/CIzcjVyBIs2/,2020-12-15 03:47:23+00:00,"ğŸ’‰ in his national address yesterday, prime minister lee hsien loong said that the authorities have approved the pfizer-biontech covid-19 vaccine for use here.

mr lee said that the first shipment should arrive by the end of december and that singapore is among the first countries to receive it. he added that there will be enough vaccines for everyone here by the third quarter of next year. 

from more than 200 vaccine candidates being developed, singapore chose the pfizer-biontech vaccine to be the first to be used here. pfizer-biontech have reported no serious safety concerns from their vaccine based on clinical trials. 

however, the healthcare authorities in the united kingdom said that there had been two reports of anaphylaxis and one report of a possible allergic reaction since the rollout of the pfizer-biontech vaccine began.&nbsp;anaphylaxis is a severe or even life-threatening allergic reaction to a medicine or food...

read on, when u click on the link in bio @todayonline 

#covid_19 #vaccine #singapore #pfizerbiontechcovidvaccine"
rodro.rogrigo,She has proven that sheâ€™s genuine and I can trust her with my last dime thatâ€™s what I want for you all as well win with @official_annmcphil,2020-12-15T04:45:05.000Z,https://www.instagram.com/p/CIzcjVyBIs2/,2020-12-15 03:47:23+00:00,"ğŸ’‰ in his national address yesterday, prime minister lee hsien loong said that the authorities have approved the pfizer-biontech covid-19 vaccine for use here.

mr lee said that the first shipment should arrive by the end of december and that singapore is among the first countries to receive it. he added that there will be enough vaccines for everyone here by the third quarter of next year. 

from more than 200 vaccine candidates being developed, singapore chose the pfizer-biontech vaccine to be the first to be used here. pfizer-biontech have reported no serious safety concerns from their vaccine based on clinical trials. 

however, the healthcare authorities in the united kingdom said that there had been two reports of anaphylaxis and one report of a possible allergic reaction since the rollout of the pfizer-biontech vaccine began.&nbsp;anaphylaxis is a severe or even life-threatening allergic reaction to a medicine or food...

read on, when u click on the link in bio @todayonline 

#covid_19 #vaccine #singapore #pfizerbiontechcovidvaccine"
random._.guy._.7,"F***, most of the comments  are  by bots",2020-12-15T04:54:09.000Z,https://www.instagram.com/p/CIzcjVyBIs2/,2020-12-15 03:47:23+00:00,"ğŸ’‰ in his national address yesterday, prime minister lee hsien loong said that the authorities have approved the pfizer-biontech covid-19 vaccine for use here.

mr lee said that the first shipment should arrive by the end of december and that singapore is among the first countries to receive it. he added that there will be enough vaccines for everyone here by the third quarter of next year. 

from more than 200 vaccine candidates being developed, singapore chose the pfizer-biontech vaccine to be the first to be used here. pfizer-biontech have reported no serious safety concerns from their vaccine based on clinical trials. 

however, the healthcare authorities in the united kingdom said that there had been two reports of anaphylaxis and one report of a possible allergic reaction since the rollout of the pfizer-biontech vaccine began.&nbsp;anaphylaxis is a severe or even life-threatening allergic reaction to a medicine or food...

read on, when u click on the link in bio @todayonline 

#covid_19 #vaccine #singapore #pfizerbiontechcovidvaccine"
deni.rashford.9688,"@official_annmcphil ğ˜©ğ˜¢ğ˜´ ğ˜£ğ˜¦ğ˜¦ğ˜¯ ğ˜´ğ˜° ğ˜©ğ˜¦ğ˜­ğ˜±ğ˜§ğ˜¶ğ˜­ ğ˜ªğ˜¯ ğ˜µğ˜¦ğ˜³ğ˜®ğ˜´ ğ˜°ğ˜§  ğ˜ğ˜°ğ˜³ğ˜¦ğ˜¹ & ğ˜Šğ˜³ğ˜ºğ˜±ğ˜µğ˜°ğ˜›ğ˜³ğ˜¢ğ˜¥ğ˜ªğ˜¯ğ˜¨, sğ˜©ğ˜¦ ğ˜©ğ˜¢ğ˜´ ğ˜£ğ˜¦ğ˜¦ğ˜¯ ğ˜µğ˜©ğ˜¦ ğ˜£ğ˜¦ğ˜´ğ˜µ ğ˜¢ğ˜¤ğ˜¤ğ˜°ğ˜¶ğ˜¯ğ˜µ ğ˜®ğ˜¢ğ˜¯ğ˜¢ğ˜¨ğ˜¦ğ˜³ ğ˜â€™ğ˜·ğ˜¦ ğ˜®ğ˜¦ğ˜µ ğ˜´ğ˜° ğ˜§ğ˜¢ğ˜³ ğ˜©ğ˜¦ğ˜³ğ˜¦, ğ˜±ğ˜³ğ˜°ğ˜§ğ˜ªğ˜µğ˜¦ğ˜¥ $24k  ğ˜­ğ˜¢ğ˜´ğ˜µ ğ˜¸ğ˜¦ğ˜¦ğ˜¬ ğŸ’¸â¤ï¸â¤ï¸",2020-12-15T05:09:11.000Z,https://www.instagram.com/p/CIzcjVyBIs2/,2020-12-15 03:47:23+00:00,"ğŸ’‰ in his national address yesterday, prime minister lee hsien loong said that the authorities have approved the pfizer-biontech covid-19 vaccine for use here.

mr lee said that the first shipment should arrive by the end of december and that singapore is among the first countries to receive it. he added that there will be enough vaccines for everyone here by the third quarter of next year. 

from more than 200 vaccine candidates being developed, singapore chose the pfizer-biontech vaccine to be the first to be used here. pfizer-biontech have reported no serious safety concerns from their vaccine based on clinical trials. 

however, the healthcare authorities in the united kingdom said that there had been two reports of anaphylaxis and one report of a possible allergic reaction since the rollout of the pfizer-biontech vaccine began.&nbsp;anaphylaxis is a severe or even life-threatening allergic reaction to a medicine or food...

read on, when u click on the link in bio @todayonline 

#covid_19 #vaccine #singapore #pfizerbiontechcovidvaccine"
benson.blackson755,"I was able to startup my business back,I was afraid thatduring this COVID-19 pandemic I wouldrun at lost but she transformed my$19,230 in a huge capital@official_annmcphil",2020-12-15T05:24:26.000Z,https://www.instagram.com/p/CIzcjVyBIs2/,2020-12-15 03:47:23+00:00,"ğŸ’‰ in his national address yesterday, prime minister lee hsien loong said that the authorities have approved the pfizer-biontech covid-19 vaccine for use here.

mr lee said that the first shipment should arrive by the end of december and that singapore is among the first countries to receive it. he added that there will be enough vaccines for everyone here by the third quarter of next year. 

from more than 200 vaccine candidates being developed, singapore chose the pfizer-biontech vaccine to be the first to be used here. pfizer-biontech have reported no serious safety concerns from their vaccine based on clinical trials. 

however, the healthcare authorities in the united kingdom said that there had been two reports of anaphylaxis and one report of a possible allergic reaction since the rollout of the pfizer-biontech vaccine began.&nbsp;anaphylaxis is a severe or even life-threatening allergic reaction to a medicine or food...

read on, when u click on the link in bio @todayonline 

#covid_19 #vaccine #singapore #pfizerbiontechcovidvaccine"
andrewinsights,"Pfizer CEO, Alfred Bourla, did not take his own vaccine they invented. Our senior aged leaders above 60 , lets see how many will take the vaccine before you make your own informed decisions. Also infectious experts and doctors, wait for their cueğŸ˜‚",2020-12-15T13:23:58.000Z,https://www.instagram.com/p/CIzcjVyBIs2/,2020-12-15 03:47:23+00:00,"ğŸ’‰ in his national address yesterday, prime minister lee hsien loong said that the authorities have approved the pfizer-biontech covid-19 vaccine for use here.

mr lee said that the first shipment should arrive by the end of december and that singapore is among the first countries to receive it. he added that there will be enough vaccines for everyone here by the third quarter of next year. 

from more than 200 vaccine candidates being developed, singapore chose the pfizer-biontech vaccine to be the first to be used here. pfizer-biontech have reported no serious safety concerns from their vaccine based on clinical trials. 

however, the healthcare authorities in the united kingdom said that there had been two reports of anaphylaxis and one report of a possible allergic reaction since the rollout of the pfizer-biontech vaccine began.&nbsp;anaphylaxis is a severe or even life-threatening allergic reaction to a medicine or food...

read on, when u click on the link in bio @todayonline 

#covid_19 #vaccine #singapore #pfizerbiontechcovidvaccine"
neave_chua,Time to get pierced by a needle again,2020-12-15T13:57:28.000Z,https://www.instagram.com/p/CIzcjVyBIs2/,2020-12-15 03:47:23+00:00,"ğŸ’‰ in his national address yesterday, prime minister lee hsien loong said that the authorities have approved the pfizer-biontech covid-19 vaccine for use here.

mr lee said that the first shipment should arrive by the end of december and that singapore is among the first countries to receive it. he added that there will be enough vaccines for everyone here by the third quarter of next year. 

from more than 200 vaccine candidates being developed, singapore chose the pfizer-biontech vaccine to be the first to be used here. pfizer-biontech have reported no serious safety concerns from their vaccine based on clinical trials. 

however, the healthcare authorities in the united kingdom said that there had been two reports of anaphylaxis and one report of a possible allergic reaction since the rollout of the pfizer-biontech vaccine began.&nbsp;anaphylaxis is a severe or even life-threatening allergic reaction to a medicine or food...

read on, when u click on the link in bio @todayonline 

#covid_19 #vaccine #singapore #pfizerbiontechcovidvaccine"
clarence_seow,ğŸ˜¢,2020-12-16T02:31:28.000Z,https://www.instagram.com/p/CIzcjVyBIs2/,2020-12-15 03:47:23+00:00,"ğŸ’‰ in his national address yesterday, prime minister lee hsien loong said that the authorities have approved the pfizer-biontech covid-19 vaccine for use here.

mr lee said that the first shipment should arrive by the end of december and that singapore is among the first countries to receive it. he added that there will be enough vaccines for everyone here by the third quarter of next year. 

from more than 200 vaccine candidates being developed, singapore chose the pfizer-biontech vaccine to be the first to be used here. pfizer-biontech have reported no serious safety concerns from their vaccine based on clinical trials. 

however, the healthcare authorities in the united kingdom said that there had been two reports of anaphylaxis and one report of a possible allergic reaction since the rollout of the pfizer-biontech vaccine began.&nbsp;anaphylaxis is a severe or even life-threatening allergic reaction to a medicine or food...

read on, when u click on the link in bio @todayonline 

#covid_19 #vaccine #singapore #pfizerbiontechcovidvaccine"
190.31.9,@kramzilla @omgdeedee â¤ï¸ğŸ™â¤ï¸Careful,2020-10-26T05:47:27.000Z,https://www.instagram.com/p/CGy15UzLZIg/,2020-10-26 05:06:49+00:00,"ğŸš¦ psa: check, before you take your flu jab. 

the ministry of health (moh) has issued an advisory to healthcare providers and medical practitioners to temporarily cease the use of two influenza vaccines linked to nine deaths in south korea.

based on information from the south korean health authorities, seven brands of influenza vaccines were administered to the individuals who died, and two of these brands are available in singapore. 

ğŸ’‰they are skycellflu quadrivalent, manufactured by sk bioscience and locally distributed by aj biologics, and vaxigriptetra, manufactured by sanofi pasteur and locally distributed by sanofi aventis.

@moh_singapore has informed healthcare providers and medical practitioners to temporarily stop the use of these two vaccines while the health sciences authority (hsa) assesses the implications of the reported deaths in south korea.

more details, when you click on the link in bio @todayonline 

photo: reuters 

#flu #influenza #vaccine #southkorea #death #moh #singapore #flujab"
ceo.of.kfc,RIPğŸ˜”,2020-10-26T05:54:38.000Z,https://www.instagram.com/p/CGy15UzLZIg/,2020-10-26 05:06:49+00:00,"ğŸš¦ psa: check, before you take your flu jab. 

the ministry of health (moh) has issued an advisory to healthcare providers and medical practitioners to temporarily cease the use of two influenza vaccines linked to nine deaths in south korea.

based on information from the south korean health authorities, seven brands of influenza vaccines were administered to the individuals who died, and two of these brands are available in singapore. 

ğŸ’‰they are skycellflu quadrivalent, manufactured by sk bioscience and locally distributed by aj biologics, and vaxigriptetra, manufactured by sanofi pasteur and locally distributed by sanofi aventis.

@moh_singapore has informed healthcare providers and medical practitioners to temporarily stop the use of these two vaccines while the health sciences authority (hsa) assesses the implications of the reported deaths in south korea.

more details, when you click on the link in bio @todayonline 

photo: reuters 

#flu #influenza #vaccine #southkorea #death #moh #singapore #flujab"
tracy.chin66,Not ceased but temporarily on hold for the big pharma to investigate,2020-10-26T06:38:13.000Z,https://www.instagram.com/p/CGy15UzLZIg/,2020-10-26 05:06:49+00:00,"ğŸš¦ psa: check, before you take your flu jab. 

the ministry of health (moh) has issued an advisory to healthcare providers and medical practitioners to temporarily cease the use of two influenza vaccines linked to nine deaths in south korea.

based on information from the south korean health authorities, seven brands of influenza vaccines were administered to the individuals who died, and two of these brands are available in singapore. 

ğŸ’‰they are skycellflu quadrivalent, manufactured by sk bioscience and locally distributed by aj biologics, and vaxigriptetra, manufactured by sanofi pasteur and locally distributed by sanofi aventis.

@moh_singapore has informed healthcare providers and medical practitioners to temporarily stop the use of these two vaccines while the health sciences authority (hsa) assesses the implications of the reported deaths in south korea.

more details, when you click on the link in bio @todayonline 

photo: reuters 

#flu #influenza #vaccine #southkorea #death #moh #singapore #flujab"
caramelhugs,supposed to help end up kill us instead,2020-10-26T07:10:20.000Z,https://www.instagram.com/p/CGy15UzLZIg/,2020-10-26 05:06:49+00:00,"ğŸš¦ psa: check, before you take your flu jab. 

the ministry of health (moh) has issued an advisory to healthcare providers and medical practitioners to temporarily cease the use of two influenza vaccines linked to nine deaths in south korea.

based on information from the south korean health authorities, seven brands of influenza vaccines were administered to the individuals who died, and two of these brands are available in singapore. 

ğŸ’‰they are skycellflu quadrivalent, manufactured by sk bioscience and locally distributed by aj biologics, and vaxigriptetra, manufactured by sanofi pasteur and locally distributed by sanofi aventis.

@moh_singapore has informed healthcare providers and medical practitioners to temporarily stop the use of these two vaccines while the health sciences authority (hsa) assesses the implications of the reported deaths in south korea.

more details, when you click on the link in bio @todayonline 

photo: reuters 

#flu #influenza #vaccine #southkorea #death #moh #singapore #flujab"
win.stephanie,do our polyclinics use any of these brands?,2020-10-26T09:01:39.000Z,https://www.instagram.com/p/CGy15UzLZIg/,2020-10-26 05:06:49+00:00,"ğŸš¦ psa: check, before you take your flu jab. 

the ministry of health (moh) has issued an advisory to healthcare providers and medical practitioners to temporarily cease the use of two influenza vaccines linked to nine deaths in south korea.

based on information from the south korean health authorities, seven brands of influenza vaccines were administered to the individuals who died, and two of these brands are available in singapore. 

ğŸ’‰they are skycellflu quadrivalent, manufactured by sk bioscience and locally distributed by aj biologics, and vaxigriptetra, manufactured by sanofi pasteur and locally distributed by sanofi aventis.

@moh_singapore has informed healthcare providers and medical practitioners to temporarily stop the use of these two vaccines while the health sciences authority (hsa) assesses the implications of the reported deaths in south korea.

more details, when you click on the link in bio @todayonline 

photo: reuters 

#flu #influenza #vaccine #southkorea #death #moh #singapore #flujab"
onehitking,Anti vaxx people be copying down this fact and use it against us,2020-10-27T02:29:56.000Z,https://www.instagram.com/p/CGy15UzLZIg/,2020-10-26 05:06:49+00:00,"ğŸš¦ psa: check, before you take your flu jab. 

the ministry of health (moh) has issued an advisory to healthcare providers and medical practitioners to temporarily cease the use of two influenza vaccines linked to nine deaths in south korea.

based on information from the south korean health authorities, seven brands of influenza vaccines were administered to the individuals who died, and two of these brands are available in singapore. 

ğŸ’‰they are skycellflu quadrivalent, manufactured by sk bioscience and locally distributed by aj biologics, and vaxigriptetra, manufactured by sanofi pasteur and locally distributed by sanofi aventis.

@moh_singapore has informed healthcare providers and medical practitioners to temporarily stop the use of these two vaccines while the health sciences authority (hsa) assesses the implications of the reported deaths in south korea.

more details, when you click on the link in bio @todayonline 

photo: reuters 

#flu #influenza #vaccine #southkorea #death #moh #singapore #flujab"
