post_id,,username,date_time,comment_raw
101579512,77612900,Wai Cheng Phong,"Dec 14, 2020",Good evening to our dearest respected PM Mr Lee  Thank you very much you make it Singapore is safety  And is opening Phase 3 of the Nation reopening  Happy to hear this and we have you who care  And we also very grateful to the medical team is excellence Thank you PM Mr Lee Best Wishes to you and your family good health long life happiness and prosperous  
101579512,77612900,Jack Lee,"Dec 15, 2020",Please do our part.Keep up the good job.Look at other country.Once they let their guard down.See what happen next?? Just follow the rule and keep all of us safe and our rice bowl safe if not....
101579512,77612900,Shuai Ge,"Dec 16, 2020","Actually 5 or 8 still not really helps for festival celebration. Cant even hold a reunion with your siblings, parents or grandparents together not mentioning cny visiting though. When they announced this happily and confidently assume everyone shall be able to enjoy those upcoming festival. Any house with 2 kids plus 1 maid basically u cant go anywhere that has more than 3 living in the house or to any restaurant. Is as good as go eat urselves ðŸ¤£ðŸ¤£ðŸ¤£"
101579512,77612900,Joseph Tan,"Dec 15, 2020",Why this phase 3?  It seems no different from ph 2 except the increase in crowds gathering. In the economy of scale does this help much. To me it seems more like waving at the next wave of infections. We had already bear with this scenario for so long so why just can't we wait a little longer for the vaccines to take effect before concluding. 
101579512,77612900,Vivian Fong,"Dec 14, 2020",I really just need the gyms to allow more people in. Can we please do that.
101579512,77612900,Jeffrey Say,"Dec 14, 2020",Some people don't think that an increase of three people is a lot but it makes a lot of difference for some people and especially for F & B businesses.
101579512,77612900,NurImah Fad,"Dec 14, 2020",So? When can I play Futsal?! S-League can start and finish. WTH. Iâ€™ve been patient enough with this half-baked measures for such activities. - Fad
101579512,77612900,Poon Song Tng,"Dec 14, 2020",Knn Say trace tgt donâ€™t have 70% so cannot phase 3 Now say can phase 3  They can predict by 28/12 will have more then 70% ppl using trace tgt  Cow head donâ€™t match horse mouth  Kepalah pisang 
101579512,77612900,Austin Soon,"Dec 14, 2020",Phase 3 also not much different from phase 2 lo. 
101579512,77612900,Peter Yeap,"Dec 14, 2020",nothing much different between 2 and 3
101579512,77612900,Lawrence Chaw,"Dec 14, 2020","Nuthing much lah phrase 3, pls cb bk again leh, i like cb no queues & jams at malls or roads...ðŸ˜"
101579512,77612900,Kian Wee Max,"Dec 14, 2020","Too early for phase 3, there might be cases coming from future oversea visitors or hidden time bomb along our own local people. The best way is to get everyone to go for testing. Before during phase 3 case went up again. And than is too late to regards"
101579512,77612900,Natalie Khong,"Dec 15, 2020","While this announcement is welcomed, the Safe Mgt team can go round to condos/HDB/houses to check residences with lots of shoes and noise in the evening and wee hours to catch the ones breaking the rules during the holiday season, before Phase 3. "
101579512,77612900,Danny Yang,"Dec 14, 2020","No matter how wide our border is going to open...it wont push up our trade activities  or increasing tourist nos..cos, other countries still unable to get out from their lockdown.  Back to normal is abt going along with the momentum...u cant do it alone.."
101579512,77612900,Richard Tan,"Dec 14, 2020","Why everyone in the Task Force look so gloom,neverðŸ˜Šlook soðŸ˜©,happy abit lah!"
101579512,77612900,Han Sandman,"Dec 15, 2020","Wow! From 5 to 8! Omg. Thank you so much, so so much! Ah ma, you wait outside hor, ah kong finished eating then you come in.... OK? I give you chair you sit outside wait hor. "
101579512,77612900,Muhd Izzad,"Dec 15, 2020",Just in time for New Year n CNY celebration. Time to party n mahjong til u drop. Come CNY Covid mysteriously go into hiding n no longer that dangerous
101579512,77612900,Gengar Lee,"Dec 14, 2020",Seriously? Havent fix the broken pipe already start to open water tap??
101579512,77612900,Top FanKaren Chan,"Dec 15, 2020",Happy to have phrase 3 opening soon. Still our responsibility to follow the rules n be safe.  N it helps alot for many F&B outlets too. ðŸ‘
101579512,77612900,Jeffrey Ng,"Dec 14, 2020","Phase 3 is not just about the numbers. It fortifies the government's confidence, preparedness and readiness in handling the covid situation. Let's continue to do our part and make Singapore the envy of the world ðŸ’ªðŸ’ª"
101579512,77612900,Steven Teo,"Dec 14, 2020","Does the 8 person restriction also include the current household? Meaning if there's already three person in the household, does that means another 8 person not from the household can visit?"
101579512,77612900,Xavior Lamb,"Dec 14, 2020",What's the update regarding workplace?
101579512,77612900,Rick Chew,"Dec 15, 2020","events 250,social 8...simi lan?? always talk n slap own own face,now suddenly can phrase 3 when trace together not even meet requirement,why? becos of vaccine loh..so confident the vaccine will work n always like to rush into things,later turn out to be a mess again"
101579512,77612900,FengGang Law,"Dec 14, 2020","Now those who have a clique of 6 people will be happy, whereas those with clique of 9 people... make sure u arent left out for any events that ur clique made ðŸ˜‚"
101579512,77612900,Luke Lee,"Dec 14, 2020",So we can have choirs
101579512,77612900,Ed Nolan,"Dec 15, 2020","In two weeks' time it will magically become safe to increase to 8? But this week not yet safe to increase to 8? What will change during these two weeks? Stupid logic. Incompetent govt. Can't even distribute a little token to the population after 3 months. How many places still cannot resume token collection?  In case there are commenters who want to mislead or who lack the basic ability to think, here is the timeline for previous reopening: ""Multi-Ministry Taskforce announced on 15 June 2020 that Singapore will move into Phase Two after 18 June 2359 hours."" Not two weeks. Not even one week. ðŸ˜‰"
101579512,77612900,Cindy Tan,"Dec 15, 2020",Tokens are out of stock in most places. Supposed to distribute this month. Wonder what happened 
101579512,77612900,Martin Wong,"Dec 14, 2020",Increase to 10 lah.. just nice one table for restaurant 
101579512,77612900,Whereis Richey,"Dec 15, 2020",Please this is all fiction you got to be born yesterday to believe it.
101579512,77612900,Sharingan Ismadi,"Dec 14, 2020",This move also saves the beleaguered restaurants. Positive right now people are booking tables for next year cny and etc as we speak. 8 pax per table is more cheaper than 5 pax per table.
101579512,77612900,Jimmy Beany,"Dec 14, 2020","Indoor and outdoor live performance is already in pilots in Phase 2, very little difference between Phase 2 and 3. Those people getting excited for no reason at all, getting complacent, think no need to wear face mask is it?"
101579512,77612900,Mun Mun,"Dec 15, 2020","Donâ€™t understand the logic. If u allow gathering of 50 for worship and performances, then why limit private gathering to only 8? Double standards?"
101579512,77612900,Qinyan Alice Yu,"Dec 15, 2020","After reading through all these comments, I can only conclude: Singaporeans are a difficult bunch to please ðŸ˜…"
101579512,77612900,Nuraidi Noorzailan,"Dec 14, 2020",Too early for phase 3.. should keep phase 2 till the oceans are blue again.. the new norm of phase 2 is pretty good
101579512,77612900,Syro Stoirm,"Dec 14, 2020",What phase? I see so many people go to phase 5 oredy. In public transport suddenly phase 10 orediy
101579512,77612900,Foxtel Don Ge,"Dec 14, 2020","Why social gathering can be allow up to 8 people, while other event can have more?  Is it because other event is more bullet proof? ðŸ§"
101579512,77612900,Elsie Yun Chin,"Dec 14, 2020",Keep it up Singapore
101579512,77612900,Koh Koh Mo,"Dec 14, 2020",Why are some people so thrilled about this? It's basically phase 2 with extra 3 people for visit
101579512,77612900,Abdul Hadi,"Dec 14, 2020","Phase 2 and 3, simi difference? Lampa la! Once announced CB lifted and can go out, all become stupid. Wear mask and comply with contact tracing but CB no social distancing whatsoever.   Brainless cows. ðŸ˜‘ðŸ˜‘ðŸ˜‘"
101579512,77612900,Eddy Tan,"Dec 14, 2020",Can pasarmalam already? I miss ramly burger
101579512,77612900,Fairuz Din,"Dec 14, 2020",Simi baseball analogy lim peh no understanding.
101579512,77612900,Seh Hup Neo,"Dec 14, 2020",More appropriate to restaurants.
101579512,77612900,Ken Ho,"Dec 14, 2020",aunties and uncles at hawker center already in Phase 3
101579512,77612900,Feng Xiao,"Dec 14, 2020",Prepare for Chinese New Year is it?
101579512,77612900,Wong Yking,"Dec 14, 2020",Already started at phase 3..nothing special..
101579512,77612900,Michael Li,"Dec 15, 2020",dont sound like the phase 3 they preached in the 1st place
101579512,77612900,Vaishna Lee,"Dec 15, 2020",when its chinese new year 
101579512,77612900,Zubaidah Z Myniz,"Dec 14, 2020",Any change in WFH? 
101579512,77612900,Top FanBryen Yap,"Dec 14, 2020",Does 8 person really matters...... I bet there are a lot of ppl. . Happy with just 5 pax..
101579512,77612900,Stephen Thomas Murray,"Dec 14, 2020",They bought the vaccine to be delivered at the end of December so the government are getting over-excited by letting up on the lockdown measures -- let's see if the vaccine can cure people quicker than covid can spread. 
101579512,77612900,Whereis Richey,"Dec 15, 2020",FREEDOM IS NOT COMING BACK.
101579512,77612900,Dalang Wu,"Dec 14, 2020","Ang mo yaya papaya gathering during cb, so"
101579512,77612900,Top FanGlenn Leong,"Dec 14, 2020","Ho seh liao, CNY can open 2 tables mahjong liao. ðŸ¤£ðŸ¤£"
101579512,77612900,Top FanMikel Junior,"Dec 15, 2020",Let's wait and see. Don't underestimate Covid-19. Don't play with Covid-19.
101579512,77612900,Eugene Chan,"Dec 14, 2020",The live performence i disagee sia. Confirm gt case 1. Jia lat.
101579512,77612900,Jon,"Dec 14, 2020",What you people excited for? ðŸ¤”ðŸ¤”ðŸ¤”
101579512,77612900,Sugu Maran,"Dec 14, 2020",Nothing To Jump lah..We long already In Phase 3..Only Extra 3 Ppl..All Go Take MRT &;Bus...Phase 10 liao..
101579512,77612900,Richard Collao Magno,"Dec 14, 2020",Ro Gi Cruz pwede na maramihan..
101579512,77612900,Wilkie Ong Keng Soon,"Dec 14, 2020","All these numbers are arbitrary chosen, virus infection doesn't care the number, you can have 5 or 50 the virus will spread means will spread.  Covid-19 measures are made for show that authorities are doing something by creating restrictions."
101579512,77612900,Tan Chee Siong,"Dec 14, 2020",Phase 3 end of the world lah.
101579512,77612900,Admen Lim,"Dec 14, 2020", Is Covid donâ€™t pass thru 8 people . I shall always stick to 8 in a group soon
101579512,77612900,Mohammad Faizal,"Dec 15, 2020","You know what is 1 of the funniest things about Opposition Parties and most of the Singaporeans last General Election? They not happy with Singapore People's Action Party Government to have a GE during this COVID-19 pandemic. You know what happen after GE finish? All this Oppositions especially that not elected to seat in Parliament. Walk around Singapore, going from houses to houses, like they are the ones run Sg Gov, and tell this Singaporeans their boring plans again and again of becoming Oppositions MPs at GE 2025. ðŸ˜‚ Unbelievable. ðŸ˜‚ They not happy with Sg PAP Gov to have GE last 10th July because of pandemic, but after GE finish they walk around Sg. How stupid can that be from Oppositions eh. ðŸ˜‚ Unbelievable. Sg PAP Gov, you better do something about them ya. ðŸ‘Œ Sg PAP Gov just announced that 28th December 2020 Phase 3 will start. I can bet you all, Oppositions will be much more happier, and bring their Teams go all out, all over Singapore from houses to houses, and tell Singaporeans that PAP sucks at running Sg Gov, and please vote us to be your Oppositions MPs in Parliament at GE 2025. ðŸ˜‚ Unbelievable... ðŸ˜‚ Singaporeans that believe Oppositions can run Sg Gov better than PAP. You have anything to say? ðŸ˜‰ðŸ˜‚"
101579512,77612900,Satish Satishw,"Dec 14, 2020",So are buffets allowed!
101579512,77612900,Farah Hanis,"Dec 15, 2020",Simar Gill ðŸ˜‡
101579512,77612900,Whereis Richey,"Dec 15, 2020",#StopKillingUs #dontletthemkillus #stopglobalelites #stopgenocide #vaccineskill #ripbrandyvaughn #ripKarymullis #KaryMullis #DepopulationAgenda #Committeeof300 #global2000report #LimitsToGrowth #ClubOfRome #agenda2030 #behindthegreenmask #greatreset #raykurzweil #singularityraykurzweil #transhumanism #transhuman #nanotechnology #promega #profusa #darpa #luciferase #transfection #hydrogel #nanodust
101579512,77612900,James Chia,"Dec 14, 2020",Good summary
101579512,77612900,Jen Hong Liew,"Dec 14, 2020",Hui Shan Ohstill masked ðŸ¤£
101579512,77612900,Chuan Yeow Tan,"Dec 14, 2020",Our leaders are the best ðŸ’ª
101579512,77612900,Sable Sables,"Dec 14, 2020",Alemay Fernandez
101579512,77612900,Sarafida Alive,"Dec 14, 2020",Alhamdullilah
101579512,77612900,Rohit Raj,"Dec 14, 2020","This is my testimony about the good work of Doctor LUCKY who helped me....And am sorry for putting this on net but i will have to, because of this world best spell caster that brought back my wife who left me out for past 2 years, i eventually met this man on a blog site posting by one of is client for help, i explained everything to him and he told me about a spell caster that he had heard about and he gave me an email address to write to the spell caster to tell him my problems. In just 1 days, my wife was back to me. I just want to say thank you to this truthful and sincere spell caster, sir all you told me have come to pass and thank you sir. Please I want to tell everyone who is looking for any solution to their problem, I advise you to kindly consult this spell caster, he is real,he is powerful and whatever the spell caster tells is what will happen, because all what the spell caster told me came to pass. You can kindly contact him on WhatsApp : +2348136574975 or his email address is Email: drluckyspelltemple06@gmail.com  https://m.facebook.com/Dr-Lucky-spell-temple-103084998306013/?ref=bookmarks"
101579512,77612900,Esty Moses,"Dec 14, 2020","I now have the money to afford anything I want through the help of Mr Andrei Bogdan who has helped trading for me. I do earn $8,500 every 5days with an investment capital of $1,000 trading forex with him. He manages trade account with zero loss. You can get to him via Facebook ðŸ‘‰ðŸ» https://www.facebook.com/andrei.bogdan.fx01"
101579512,77612900,Andrew Neo,"Dec 14, 2020",I look forward to breathing fresh air. Not through some germ infested facial diaper...
101577630,46402900,Shane Popiang,"Sep 20, 2020",SPG syndrome
101577630,46402900,Paul Chia,"Sep 20, 2020",It just take a couple of non-compliance diners and there they go...haha
101577630,46402900,Apple Wong,"Sep 20, 2020",Jorial Cheng
101577630,46402900,Pom Cynada,"Sep 20, 2020","Unless  the  food  excellently  tasty,  if  not  dun see the  sustainability.   Good  luck.   "
101577630,46402900,Auwal Wudil,"Sep 19, 2020",Hello I want to inform everyone that Mrs Annaliesa Angelika Christoph is  a legitimate Forex Trade. She assisted me very much and the money I got from her indeed help me  a lot.Thanks you very much Mrs Annaliesa. I believe in your trading platform and I thank you for lifting me from poverty. It is great I knew you on time. I blessed the day I see you on social media. Contact her on Facebook to start making money online   https://www.facebook.com/annaliesa.angelika.christoph
101577630,46402900,Hazette AK,"Sep 20, 2020",All it takes is Money 
101577630,46402900,à¤—à¥Œà¤°à¤µà¤¦à¤¾à¤¦à¤¾ à¤•à¥‹à¤²à¤¤à¥‡,"Sep 20, 2020",Click on the link to join below to contact Mr Patrick Tyler  for more details  on how to earn money online ðŸ‘‡ðŸ‘‡ðŸ‘‡  https://www.facebook.com/Patrick.Tylerconad.Fx
101577630,46402900,à¤—à¥Œà¤°à¤µà¤¦à¤¾à¤¦à¤¾ à¤•à¥‹à¤²à¤¤à¥‡,"Sep 20, 2020","Wow! Do you know that you can earn over $5000 with just an investment of $200. Without paying for withdrawal charges,or false fees.... I was skeptical at first until I tried this trustworthy man Mr Patrick Tyler   he's a good man and straight forward man who keeps to his words to his investors Click on the link below on how to achieve financial freedom ðŸ‘‡ ðŸ‘‡ ðŸ‘‡ ðŸ‘‡ ðŸ‘‡ ðŸ‘‡ðŸ‘‡ðŸ‘‡ðŸ‘‡ https://www.facebook.com/Patrick.Tylerconad.Fx"
101577630,46402900,Mistry Roy,"Sep 20, 2020","So many traders are afraid and confused seeing different testimonies, different managers and still yet they still lost their money in the hands of scammers,my advice for everyone is that you all should be careful because I was a victim of such and i was lucky i met the right source Mrs Lisa Maria who I trust now without any fear to loose my money because I have benefited from her more than 5 times  You can contact her WhatsApp.+1 973-433-6992 https://www.facebook.com/lisa.mariafx"
101576997,25227900,Chien Nelson,"Aug 21, 2020","Pity our young generations, the stress of examinations in a disruptive year and adding to that the stress of being infected resulting in not able to take exams. So for the sake your children, stay safe and only go out as and when necessary....."
101576997,25227900,Top FanVivo Tey,"Aug 22, 2020",Ngl I'd rather not have an extra year where I am. I'd much rather take my nationals then go NS and forget about studies for a good 2 years.
101576997,25227900,Ryz Kaos,"Aug 22, 2020",Endless paper chase!
101576997,25227900,Zana Hassan,"Aug 22, 2020",Study for what end up be grab delivery..
101576997,25227900,Ting Wang,"Aug 22, 2020",Muhd Hussain
101576997,25227900,Kan Yew Wah,"Aug 23, 2020",Do they take the exams wearing masks?
101576997,25227900,Yuan Lin,"Aug 21, 2020",Dominic Low
101576997,25227900,Dennis Chan,"Aug 21, 2020","Study so hard end up loose to third world ""graduate "".Elite say we no talent, we racist"
101575423,73452900,Josephine Lim,"Jun 23, 2020",Learn from what is happening in other countries...the second wave will be worst if we arenâ€™t vigilant. I stayed home to avoid the crazy crowd .
101575423,73452900,Mag Kan,"Jun 23, 2020","Now we know the real reason for Phase 2: not because of the people or economy, but more to take advantage of the situation and the chicken wings they were giving out. "
101575423,73452900,Ken Ho,"Jun 23, 2020",I went out to look at the crowd
101575423,73452900,Jeffery Anthony,"Jun 24, 2020","They planned phase 2's date. We know that now...why? So 5 can go walkabout in public for GE and with shops all open now, they know a lot of people around for them"
101575423,73452900,Mei Lim,"Jun 24, 2020",I'm working
101575423,73452900,Jimmy Beany,"Jun 23, 2020",Yes PAP voters please stay home for the long weekend on July for your own safety. Its a additional complimentary PH for you. Enjoy! Other voters come out and vote!  We can do this! ðŸ’ª
101575423,73452900,Waqar Watto,"Jun 24, 2020","Sigurado ka ba talagang interesado na magtrabaho mula sa ginhawa ng iyong tahanan gamit ang iyong PC o aparato ng telepono ng Android, isang mahusay na koneksyon sa internet at kumita ng 1 BTC sa loob lamang ng 7 araw    Inbox ako para sa karagdagang impormasyon makipag-ugnay sa kanya sa ibaba ðŸ‘‡ðŸ‘‡ðŸ‘‡ https://www.facebook.com/Patrickdennis001"
101575423,73452900,Muhammad Tariq Palari,"Jun 24, 2020","Salamat MR DENNIS PATRICK Nais ko lang pasalamatan sa pagpapabuti sa akin at maging mas mabuti sa bawat araw.  Ikaw ay isang pagpapala sa aking buhay. Mula nang simulan ko ang pangangalakal na natanggap mo ang aking kita nang walang nagreklamo sa aking kapwa namumuhunan ay hindi para sa mga kamay ng mga scammers makipag-ugnay kay MR Dennis Patrick para sa iyo upang magpatotoo tulad ng mga utos na siya ang pinakamahusay na account  makipag-ugnay sa manager sa kanya Vai,,,,, sa ibaba ðŸ‘‡ðŸ‘‡ðŸ‘‡ https://www.facebook.com/Patrickdennis001"
101575423,73452900,Nand Lal L K,"Jun 24, 2020","Magtrabaho mula sa bahay mayroon kang isang bitcoin wallet Maaari kong ipakita ang unang 20 tao kung paano kumita ng $ 1000 araw-araw ""kung interesado makipag-ugnay sa kanya sa ibaba. ðŸ‘‡ðŸ‘‡ðŸ‘‡ https://www.facebook.com/Patrickdennis001"
101575423,73452900,Aamir Sohail,"Jun 24, 2020",Mangyaring simulan ang jubilating ngayon nakakita ako ng isang lehitimong negosyante ng Bitcoin na nagtuturo at tumulong sa akin na kumita ng $ 1000 everyweek sa pandemyang ito hindi ko alam kung paano ipakita ang aking pagpapahalaga Gusto kong lahat ng sa iyo ay makinabang mula sa pls Makipag-ugnay sa aking account manager at siya  gagabay sa iyo: sa ibaba.   ðŸ‘‡ðŸ‘‡ðŸ‘‡ https://www.facebook.com/Patrickdennis001
101575423,73452900,Muhammad Tariq Palari,"Jun 23, 2020",Hindi ako nangangako sa iyo ng bilyun-bilyong dolyar ngunit makakatulong ako upang ipakita sa iyo kung paano kumita ng $ 1000 lamang sa $ 300 kung Interesadong makipag-ugnay sa kanya sa ibaba. ðŸ‘‡ðŸ‘‡ðŸ‘‡ https://www.facebook.com/Patrickdennis001
101575423,73452900,MD Samad,"Jun 24, 2020","I found something that's actually not a scam!! You  can get paid in 12 hours, you can save life's and earn huge profits in 12 hours,, just click this link and be among the testifier..ðŸ‘‡ðŸ‘‡ðŸ‘‡ðŸ‘‡ðŸ‘‡ Https://www.facebook.com/Olivia.lisa.1446 "
101575423,73452900,à¦•à¦¾à¦®à¦¾à¦² à¦­à§à¦‡à¦¯à¦¼à¦¾,"Jun 23, 2020","Mrs patricia elizabeth Online investing has been my main source of income. You do not need to over work yourself to earn money, all you need is the right information and expert trader then you can build your own wealth freedom the comfort of your home 100% legit and real. In the beginning I find it so difficult investing trading myself until I met Mrs Patricia Elizabeth and his  team of experts who made it so easy for me and now I'm financially free. Thanks to Mrs Patricia Elizabeth You can reach her by clicking the  https://m.me/patriciaas.elizabeth7"
268022434,634627,Joe Pennington,Yesterday at 1:27 PM,If you look at the first blue swimsuit she had on itâ€™s got strings on it Few seconds later she slides over in front of the box and her swim suit top has wide strings so where is the magic I know you switch to color but anybody can do that
268022434,634627,Bob Krebs,Saturday at 12:59 PM,Not really a magic thing as it is an editing thing.
268022434,634627,Marcus Charley,2 hours ago,Two different blue bras. Check properly 
268022434,634627,Chester Mcnabb,Saturday at 11:04 PM,I've never been at a magic show that I could possibly say that these magic things are exactly real so I don't know anything that portraits my understanding of any of this I don't care how good it looks on camera I want to know what it's like in real life that's the only thing I can think of
268022434,634627,James Jean,Yesterday at 1:52 AM,"Like to check those shorts for leakage , wouldnâ€™t matter though I would go at it till the cows come home..."
268022434,634627,Ron Bean,Saturday at 4:28 PM,Oldest video trick in the book.
101575140,13082900,Fariha Khurshid,"Jun 14, 2020","I think detailed reports/updates should be provided for the community cases, just like they were done for the first cases in Singapore, back in late January / early February. This helps us take extra precautionary measures."
101575140,13082900,Siew Chng Tan,"Jun 14, 2020","MOH use  'likely' is sounding equivocal.  Likely can be as like as Not, seemingly to blindside the public.    When the infected case before diagnosed by doctor was already mingled with people and may 'likely' infect close contact, thereafter being affirmed he/she is a Covid-19 carrier,  is it still 'proactive' screening; thought being proactive is ability to detect the carrier before he/she has any close contact with people thus to forestall the likelihood of transmission. Proactive screening sounds contradictory."
101575140,13082900,Idah Aidah,"Jun 14, 2020",School is much more important than ur own health and life! I just cant stop thinking y school need to open at this situation! 
101575140,13082900,Top FanDave Ee,"Jun 14, 2020","LIKELY, this word came out again. Been disappointed of the number of cases reported every day.. 40 thousand cases in Singapore, our land size are so small, but infected rate is tremendous. The overlooking of dormitory problem by various ministry should be taken into account. It can be view as Due to this MOF need to allocate an extra huge sum of money to help us and economy.  Where are all the accountability?GE is coming and they are going to be out leader for another many years?"
101575140,13082900,Daniel Xu,"Jun 14, 2020","With thousand and thousand of people infected in a small island nation, highly density population. The Covid19 is not over yet. Daily still have 3 digits. I am now concerns about the 2nd wave and my family. Hopefully the post CB safety procedure is properly monitor for at least few months. No serious 2nd wave outbreak."
101575140,13082900,Vivienne Barwick,"Jun 14, 2020","Back in April, I was hoping the HBL to be continued in May, then after the June holiday, kids can go back to school safely after 3 months of circuit breaker... but didnâ€™t expect MOE moved June holiday to May... ðŸ§"
101575140,13082900,Top FanDave Ee,"Jun 14, 2020","If the dormitory problem was put into the context of a corporate organization, example where production department produce faulty products, quality department also did not perform the check to detect it. Customer get all the defected products, rejected the whole batch of products and asking from finance department for hefty compensation and refusing to make payment. How will the CEO of the company react? Keep quiet and use the company money to compensate customer , continue to pay all these involved department heads salary and bonus.. continuing letting them holding this position???? Will this be case?"
101575140,13082900,Michelle Tan,"Jun 14, 2020","Can govt provide more details on how exactly these students caught the virus, if supposedly they only stayed home, went to eateries to tar pau food, or went parks during this period? "
101575140,13082900,Edgar Wong,"Jun 14, 2020","Whether infection is from school or from CB is it important? Bottomline - it is still in the Community. We are able to test max 13,000 a day, perhaps only recently."
101575140,13082900,Kok Soon Yeo,"Jun 14, 2020","â€œOne of the cases, a 15-year-old female student, was tested as part of testing of school students above the age of 12 diagnosed with acute respiratory infection (ARI) at first presentation to a doctor, said MOH. â€œ  Actually we are slow in implementing covid-19 test in the first visit.  Hope the clinic doctors will do more covid-19 test on the first visit, or patients will demand covid-19 test on the first visit. This will greatly reduce the community spread and prevent your family members from getting the virus."
101575140,13082900,Michael Segar,"Jun 14, 2020",Many countries have recovered. I don understand why such  a small country with present Government we fail . Many people are suffering still our Government more interested in planning for the Election. Is the  Election important for now !!! 
101575140,13082900,Nicholas Tay,"Jun 14, 2020",Well now the rest of her classmates and their families are likely to get inflected after school reopen.. so what the point of saying likelihood...
101575140,13082900,Top Fanã‚¸ã‚§ãƒ³ ãƒ•ã‚£ã‚ªãƒ³,"Jun 14, 2020",Wondering why during circuit breaker still can get infected? Can i say bcoz of the virus too power? or I should say becoz still people didnt obey the rule? or ppl went jogging w/o mask is part of the reason?
101575140,13082900,Ivan Lew,"Jun 14, 2020","I feel the information given need to improve like no of test done, Singaporean and PR on their own, timeliness of contact tracing, eg Hougang Mall, 6 days later on the news"
101575140,13082900,Warren Wong,"Jun 14, 2020","Donâ€™t try to downplay a situation by playing with words. Actually got infected during CB is worse than got infected after school reopened. And the worst of all, infected student went to school after getting infected during CB. And What the heck is this â€œpast infectionâ€ term!"
101575140,13082900,Suzana Jorami,"Jun 13, 2020","The timing of when the student was infected, is not critical. Bottom line, she went back to school while infected. I can imagine the anxiety this is causing the parents who have children in St Anthony's Cannossian Convent...."
101575140,13082900,Lalit Kumar Verma,"Jun 13, 2020",Keep schools closed for one more month. 
101575140,13082900,Amos HM Tan,"Jun 13, 2020","Before or after is not the point, the point is she is back to school and that may cause another cluster in 2-3 weeks time. "
101575140,13082900,Top FanYochana Abigail Yule,"Jun 14, 2020","What does it mean â€œshe was LIKELY to have been infected during the circuit breaker period, and not after school re-openingâ€?Stop those play of words."
101575140,13082900,William Lee,"Jun 14, 2020","I hope the reporting is not trying to make a 'likely' scenario. If you keep making assumption report, then you just mislead the public by giving a very assumptions reporting. But I guarantee to the fact that there are a few asymptomatic cases floating after reopening. Or even student got it along the way taking public transport to school, even they are negative the whole CB period."
101575140,13082900,Fernell Morales,"Jun 13, 2020",Trying all means to say that she was infected during CB  Blaming games start 
101575140,13082900,St Lee,"Jun 14, 2020","Covid-19 is here to stay for months or years. Nobody knows exactly when it is going to end. Are we going to close theee schools for months or years?  Even you stay at home and hide under a bed, you may still catch Covid-19 virus from any members of your family or maid. The Multi-Task Force has considered and evaluated  the various options to recommend the opening up gradually.  Not only you have school going children. They, too, have school going children.   Be considerate and appreciate what other"
101575140,13082900,Alicia Key,"Jun 13, 2020",Should check Who spread to the student? Where and how? What did she do? 
101575140,13082900,Mohan Prakash,"Jun 14, 2020","Since outbreak Education and Manpower minister  always making the wrong decision for the life of the public, PM should change this ministers. Our life is precious now then anything else .  "
101575140,13082900,Gin Dee,"Jun 14, 2020","The more they try to justify, the worse the public sentiments get. All it matters is the numbers go down down down."
101575140,13082900,May Chua,"Jun 14, 2020",School will never be a transmission grounds becos the ministerial task force told the virus to stay away at least til election is over
101575140,13082900,Roland Foo,"Jun 13, 2020","Not RI, so maybe no need to close for disinfection.  Just baffling why the rush to reopen schools when numbers are not dwindling."
101575140,13082900,Flavianus Ng,"Jun 14, 2020","How did she get it during the CB period? Students so far infected according to MOH was during CB period, does that make sense?  Will the next student be also during the CB period?"
101575140,13082900,James J Keswick,"Jun 14, 2020",Remember its 14 days incubation period. Testing is always catching up.
101575140,13082900,Dennis Kwah,"Jun 14, 2020","School reopen for likely two weeks already how could it be likely infected during CB period. MOH n MOE likely overlooked their calculation n also likely their predication hor? ""Likely"" so not accountable lol."
101575140,13082900,Meyer Tan,"Jun 14, 2020","I think it is pretty obvious, expected and typical of the Ministry to distance itself from responsibility by taking defensive stand instantly."
101575140,13082900,Joseph Loh,"Jun 14, 2020",So if she is â€œlikelyâ€ infected during can period then she went to her school so if all her friends Kenna infected by her is called â€œlikelyâ€ or â€œguaranteedâ€? Goodness me
101575140,13082900,Flavianus Ng,"Jun 14, 2020","Covid-19: 47 schoolmates of confirmed case from St Anthony's Canossian Secondary test negative 13 June Onset date (Serology Positive) was stated as 3 June (schools reopening day), locally unlinked, taking that to be not from family members, why was she allowed back to school with a positive serology test? What's the purpose of the test? Luckily on 10 June her teacher was alert, test results confirmed on 12 June, symptoms showed on 10 June but school reopened on 3 June, that's already 7 days, did she really got it durind the CB period, if she did why was she not quarrantine on 3 June after serology test results, was that a proactive approach or just a fake claim? Was she tested only on or after 10 June?"
101575140,13082900,Bill Ng,"Jun 14, 2020","Parents !!! Education is not everything you can learn from the universe. Even delay 1 year of education is nothing in this universe. Sick is real suffering, You see our scholar minister study so much, also not much wisdom when dealing with this covid19, when at first they tell everyone dont wear mask, wear mask only when you sick. Now they tell everyone to wear mask. So you tell me do education make you become wiser ?"
101575140,13082900,Riah Ris,"Jun 14, 2020",15yr old? Does that mean she is in Sec 4? Which is graduating class? And graduating classes went to school for classes 2 weeks earlier than the official school opening.
101575140,13082900,Ryan Heng,"Jun 14, 2020",How did they concluded that she got it during the C.B.P?? Gov didnt even do test for every Sg citizens.. if they had done so before the C.B.P...and she got it then.. most like was during that time..
101575140,13082900,Kamen Augustine Tan,"Jun 13, 2020",Which school also never mention?I thought the news mentioned that the 5 schools tested negative.
101575140,13082900,Top FanEmily Tay,"Jun 14, 2020","Did she go to school last week? At 15 yrs old, she is most likely at sec 3 level.  Sec 3 returned to school from 8 Jun to 12 Jun."
101575140,13082900,Yen Chua,"Jun 13, 2020",Some students started attending school on May 19th during CB. 
101575140,13082900,Gary Tan,"Jun 14, 2020","Official word ""LIKELY""...very useful, covers a lot of loop holes. ðŸ¤”"
101575140,13082900,Clifford Clement Chua,"Jun 13, 2020",What was the rush to start school anyway.. after all June school holidays .. ... HBL lah .. ðŸ¤¬
101575140,13082900,Top FanMelvyn Ho,"Jun 13, 2020","What is the meaning of ""Likely""?.  Can we just confirm that the answer is 50% before school reopening n 50% after school reopening. If it's the later case, will the students from the same school n the places where  she visited could transmitt those viruses to others. Should MOH defines more clearer picture n not let citizen guessing which is which."
101575140,13082900,Kenny Chong,"Jun 13, 2020",The fact tat moh has to qualify it says a lot about them trying hard not to implicate gov decisions to reopen school.
101575140,13082900,Azmi Haikal,"Jun 13, 2020",Really MOH? losing credibility with each passing day....
101575140,13082900,Phil Ho,"Jun 13, 2020","it is what it is, no need to use the word ""likely""   ..."
101575140,13082900,Ali Yahya Raee,"Jun 13, 2020",Being defensive liao. Not infected after school reopening. But she can infect other students.
101575140,13082900,Ed Yan,"Jun 13, 2020",Ai Zai...donâ€™t need to explain when she got infected. We are all ready to rock and roll come end June. 
101575140,13082900,Lam Km,"Jun 13, 2020",'likely'?? Experts playing guessing game?
101575140,13082900,Lye Danny,"Jun 14, 2020","They can claimed anything that the student got it before school reopened. Who knows whether it is true or not ? Cannot trust their words. Yesterday figure again show low because today our wool minister is going to give speech so have to show people that again it is controlled and have brought down the cases. They always roti prata here and there so whatever they said, we cannot 100% trust their words or actions. "
101575140,13082900,Jayseelan Moorthy,"Jun 14, 2020","This not 4G goverment lah.  Not even Nokia goverment.  This one worst than Pager goverment...Bunch of strugglers with the lowest population in the world struggling to contain Covid19 unlike Myanmar, Cambodia, Thailand, Vietnam.. 4G goverment .... Pui!!!!"
101575140,13082900,Top FanMelvyn Ho,"Jun 14, 2020","As from the statement given by MOH is that she is LIKELY to have been infected during the CB.  From 2nd June school reopen till now 13 June, within this 2 weeks, can I assume that during this period of time she attended school n visited those places, will the students from her school n classmate n shoppers be infected too? That's my primary concern as we knows how infectious the viruses is. People might not know unless the symptoms started to develop.  Should I guess that MOH statement are base on their assumption using ""Likely"" that they don't know how n when she is being infected.. It doesn't make sense at all. Am I right? Correct me if I am wrong."
101575140,13082900,Top FanChristine Issac,"Jun 14, 2020",How sure is MOH that she is likely to be infected during CB?! Just presumption? Itâ€™s nearly coming to 14days of Phase 1 ???!!!
101575140,13082900,Anthony Tan,"Jun 13, 2020",What's the point of stating b4 or after?ðŸ¤”ðŸ¤”ðŸ¤”
101575140,13082900,Al Fong,"Jun 13, 2020",Hopefully those schools won't be new cluster & entire family don't need to quarantine
101575140,13082900,Formex Teo,"Jun 14, 2020",That is why our govt is so scared of opening fast...look at China..beijing..46 days without case..suddenly a chooper board and saimon fish in  a supermart hv cause the whole place to closed...tracing so far to 10 of thousand ppl...500 were +ðŸ˜ª...imagine this in SG
101575140,13082900,Jen Yee,"Jun 14, 2020","phase 2 will most likely be after June now. People wash your hands often, wear your mask properly and social distancing please with common sense, avoid crowded spot!!"
101575140,13082900,Azmi Dasimin,"Jun 14, 2020","Likely seh. Letâ€™s see if parents get ceremonial funeral, gets their mouth taped and forced silent about this matter."
101575140,13082900,Terence Yong,"Jun 13, 2020",But she went back school right after CB?
101575140,13082900,Nick Lim Yun,"Jun 14, 2020",lol must be another hero trying to rebel system and kena infected
101575140,13082900,Furbie Soo,"Jun 14, 2020",So she could have likely spread it in her school..... no?
101575140,13082900,Morgan Ang,"Jun 14, 2020",Fw living outside dorm not wearing mask get caught sent them back alot not wearing mask gathering in park during people doing exercise in the evening
101575140,13082900,Arzool Rahman,"Jun 16, 2020",Ong Ye Kung already warned this before this.Any children get infected must be from their own family members who are working.
101575140,13082900,Boon Chua,"Jun 14, 2020",Of cos.  Virus will not spread in school n during election. 
101575140,13082900,MarC El YU,"Jun 14, 2020",Which means a lot of us r also likely to be infected ? 
101575140,13082900,Alicia Key,"Jun 14, 2020",Now wondering is right to let parents send their children who is student to grandparents house? 
101575140,13082900,Greg Hybes,"Jun 14, 2020",If this student had respiratory symptoms then why did she go to school. 
101575140,13082900,é•¿å®,"Jun 14, 2020",Still go to school when feeling unwell? Haven't all of us been told to see doctor when feeling unwell? What's really happening now?
101575140,13082900,Hanzo Oznah,"Jun 13, 2020",Likely but not sure...
101575140,13082900,Wong Yking,"Jun 13, 2020",Good news left only one patient inside ICU..
101575140,13082900,Ken Lim,"Jun 14, 2020",Must be her boyfriend passed it to her ðŸ’¨ ðŸ¤£ I saw so many youngsters everywhere before the Schools are even officially open. Hope she recover before her Mid/Final Exams âœŒï¸
101575140,13082900,Colin Lam,"Jun 13, 2020",Likely or likely. No matter what  It has already happened
101575140,13082900,Top FanAhmad Fadhillah Rosmadee,"Jun 13, 2020","Oh, no. We more Recoveries and more Discharged again."
101575140,13082900,Daisy Lai,"Jun 14, 2020",Why should a 15-year-old student be infected during the lockdown?  Something fishy going on but not reported?
101575140,13082900,Justin Chua Yt,"Jun 13, 2020",Hosai... ( LIKELY )circuit breaker 2 end of june.
101575140,13082900,Tony Chan,"Jun 14, 2020",Omg say to hear that a young age get effected. Hope she recover soon.
101575140,13082900,Christina Teh,"Jun 14, 2020","Figures in behind. 40197 total minus total recovery 28808 is 11389 remain active case. Among 11389, we have approximately 200 or 300 plus remain hospitalization, the rest are under quarantine community. Therefore we are relatively safe right now despite there is still 300 or 400 reported cases daily. However, if you notice our covid 19 cases , majority distributed by FW. In fact our local community total infection rate just roughly 2000 cases per today if you exclude FW. The 2000 is also taking those stay outside dormitory into account. This mean our local community infection rate even lower than neighbor region you see. Number just a matter, é˜¿å¥³ hope everyone should do deep analysis before hoo-ha for unnecessary thing.  Some even urge government ensure kid are safe when back to school. If your brain still function well, you will not forget you need to wear mask when going out right ? So why still worry about kid get risk of virus infections because you won't trust the mask can protect us get rid from virus? Then you should suspect those lower cases also are they reporting dishonesty. It is because you guy bombarded government about wear mask advertisement. Now gov make it mandatory to every one put on mask , then you suspect about safety from virus infection."
101575140,13082900,Yap WanQi,"Jun 13, 2020",And when back to school and spread out after CB? ðŸ¤”
101575140,13082900,Jack Lim,"Jun 14, 2020",asking for a proper lockdown
101575140,13082900,Outback,"Jun 13, 2020","According another report she had onset of acute respiratory infection on 3 jun and went to see doc so was screened. Tests then revealed she had a â€œpast infectionâ€. So, is she still infectious or she already recovered from covid, the symptoms now are just flu?"
101575140,13082900,Alvin Tan,"Jun 14, 2020",Everyone is Likely to strike lottery. 
101575140,13082900,Tio Boh,"Jun 14, 2020",she was likely is a question of doubt thou
101575140,13082900,St Lee,"Jun 14, 2020",Others are doing for all of us.
101575140,13082900,Top FanHaresh Kumar Kaliaperumal,"Jun 14, 2020",Wah CB also sibei difficult to stop the virus le ... don't play..play..lo..ðŸ˜Ž
101575140,13082900,James J Keswick,"Jun 14, 2020",Asymptotic means walking time bomb
101575140,13082900,Anba Arason,"Jun 14, 2020",Sorry to hear that but ur rules n regulation should follow as Malaysia doing now. As we are small n lowest ppl should aware the covid and perform well but Australia n New zleand doing well than us.... ðŸ¤
101575140,13082900,KT Chong,"Jun 14, 2020",Suddenly not exceeding 500 cases per day. Wow! Sure or not ðŸ˜
101575140,13082900,Dean Said,"Jun 14, 2020",Time to delay Phase 2.. we are not ready yet.. 
101575140,13082900,Alexandra Gonzalez,"Jun 14, 2020","You thought, I thought, who confirm? Hahahaha"
101575140,13082900,Bret Chua,"Jun 14, 2020","If only Singaporean started wearing masks early, this virus would not spread so exponentially "
101575140,13082900,TY Loh,"Jun 14, 2020",Before school reopens??? Thne she in which school & which area? 
101575140,13082900,Willie Tan,"Jun 13, 2020",Which school?
101575140,13082900,Gauri Sharma,"Jun 14, 2020",Anju Sharma Anurag Sharma
101575140,13082900,Richard Chen,"Jun 14, 2020",Bad news
101575140,13082900,Top FanLow Jasper,"Jun 14, 2020",LIKELY meaning POSSIBLE and the truth is THEY DONT KNOW ðŸ˜‚ðŸ˜‚ðŸ˜‚  Meaning FAILED ðŸ¤£ðŸ¤£ðŸ¤£
101575140,13082900,Henrysimon Phay,"Jun 14, 2020","13th Saturday June 2020  ä¸–ç•Œå«ç”Ÿç»„ç»‡ï¼Œå¤ªå¯æ€•äº†, ä»–ä»¬æ˜¯æµæ°“éª—å­çš„æ¶é­”, è¢«CCPçš„åˆ©ç›Šå†²æ˜äº†å¤´. ä»–ä»¬æ˜¯äººç±»ç”Ÿæ´»ä¸­çš„ä¸€æ¡å¤§é³„é±¼.   The World Health Organization is terrible. They are demons of rogue liar. Dazzled by the benefits of CCP. They are big crocodiles in human life.  You are talking about this topic, so I really canâ€™t believe what the United Nations can do. If you can show a full meaning, the topic is more toxic than the herbal medicine ""Aconite"". This herbal medicine is one of the five poisons in the world? People with virtue may not be aggressive.  æ‚¨åœ¨è°ˆè®ºè¿™ä¸ªè¯é¢˜ï¼Œæ‰€ä»¥æˆ‘çœŸçš„ä¸æ•¢ç›¸ä¿¡è”åˆå›½å¯ä»¥åšä»€ä¹ˆ. å¦‚æžœæ‚¨å¯ä»¥æ˜¾ç¤ºä¸€ä¸ªå®Œæ•´çš„å«ä¹‰ï¼Œåˆ™è¯¥ä¸»é¢˜æ¯”è‰è¯â€œé™„å­â€æ›´å…·æ¯’æ€§. è¿™ç§è‰è¯æ˜¯å¤©ä¸‹çš„äº”æ¯’ä¹‹ä¸€? æœ‰å¾·è¡Œçš„äºº, ä¸ä¸€å®šæœ‰è¿›å–å¿ƒ.  United Nations 25 May at 23:05 â€¢ Public ""Our deep feelings of powerlessness must lead to greater humility. Deadly global threats require a new unity and solidarity."" -- United Nations Secretary-General AntÃ³nio Guterres on the need for global action to combat #COVID19.  United Nations 13/06/2020 4 hrs  â€¢ Shared with Public Vaccines are safe. Yet, a growing number of networks seek to undermine trust in vaccinations. As we await a safe vaccine for #COVID19, everyone must have access to the basic facts on vaccines. Share this World Health Organization (WHO) guidance and help spread information that saves lives. "
101575140,13082900,Kelvin Kek,"Jun 14, 2020",https://www.google.com.sg/amp/s/www.dailymail.co.uk/news/article-8353093/amp/Coronavirus-patients-stop-infectious-11-days.html
101575140,13082900,Amanda Chen,"Jun 14, 2020",Dicky Tan Yong Hwee
101575140,13082900,Neo Sau Siong,"Jun 14, 2020",Must go online schooling
101575140,13082900,Kazma Cho,"Jun 14, 2020",CNA please follow up this news...  Thank you.  https://www.globaltimes.cn/content/1191462.shtml
101575140,13082900,Ah Phek,"Jun 14, 2020",ðŸ™ðŸ™ðŸ™
101575140,13082900,MeiQing Quak,"Jun 14, 2020",Liu Lingshan brilliant comments
101575140,13082900,Scoo Wong,"Jun 14, 2020",Hope the girl will recover soon.ðŸ™
101575140,13082900,William Ng,"Jun 14, 2020",Xiaoli Xie
101575140,13082900,Sufiah Hamzah Hungerford,"Jun 14, 2020",Idah Aidah
101575140,13082900,Michael Tan,"Jun 14, 2020",More community cases lately. 
101575140,13082900,Speed Ang,"Jun 14, 2020",Wah. We 40k already ðŸ˜±
101575140,13082900,Apok,"Jun 14, 2020",Ifa Abdul the youngest 
101575140,13082900,Jason Soh,"Jun 13, 2020",ðŸ™ðŸ™ðŸ™full fast RECOVERY
101575140,13082900,Agnes Lim,"Jun 13, 2020",Geraldine Saleena Lim Michael Lim Diana Lim
101575140,13082900,Top FanAjumma Obasan,"Jun 13, 2020",Sad ðŸ˜¢
101575140,13082900,Lincoln Toh,"Jun 13, 2020",Wow... So defensive. ðŸ¤£
101574778,22737900,Tan ShiLin,"Jun 1, 2020",Why in this video Spa is under phase 3? Whereas under gov.sg it is consider under phase 2? 
101574778,22737900,Top FanYE Shun FU,"Jun 1, 2020","Household can receive up to two persons only ,MRT can receive in hundreds of people at anytime and stranger some more , where where are the logic can anyone clarify."
101574778,22737900,John Choo,"Jun 1, 2020","..can someone enlighten me..under wat, Phase ??SINGAPORE POOL can reopen..it is essential for me..ðŸ˜·ðŸ¤‘"
101574778,22737900,Top FanHo Hang Wei,"Jun 1, 2020",Life is tough now. Pray hard for tomorrow. 
101574778,22737900,Jingo Mwabe Lim,"Jun 1, 2020",Good effing luck to businesses that has to wait for phase 3 to open
101574778,22737900,Foxtel Don Ge,"Jun 1, 2020","In train you canâ€™t talk, in bus you can talk.  Seriously.... Do they have a better brain.."
101574778,22737900,Goo Pac,"Jun 1, 2020",I see these i almost want to fall of my chair. Issnt it almost same as before. Maybe phase 9. We will see difference. Still wear mask and safe distancing haa
101574778,22737900,Jeffrey Say,"Jun 1, 2020",Phase 1 is essentially an extended CB. Let's all practise social and personal responsibility so that Phase 2 can re-open earlier. And that is when we can say the CB has really been lifted.
101574778,22737900,Jg Se,"Jun 2, 2020",Why do they even remove the social distancing tags on bus and mrt? We are only in phase 1. Should just leave it there.
101574778,22737900,Sky Axl,"Jun 1, 2020",We are. Waiting for. Phase 3
101574778,22737900,Matthew Yang,"Jun 1, 2020",Where got exit lah just loosen CB more longgar a little still got so many restriction in place...
101574778,22737900,Zana Hassan,"Jun 2, 2020",Can company orovide transportion for fw mw ft..to n fro their workplace..to aviiod mrt buses from crowded
101574778,22737900,Ryn Razif,"Jun 2, 2020",Best time to get marry....so much cost saving with only 10 ppl attending
101574778,22737900,Abir Islam,"Jun 1, 2020",Conform what date start phase 3 ??
101574778,22737900,Alicia Key,"Jun 2, 2020","Now say Can go parents house, I also scare. need to go test first before go visit them ?? "
101574778,22737900,Ed Nolan,"Jun 1, 2020",Now the community spread and cases have become less serious than in March but SG govt wants to continue to be more strict than in March. This means SG govt either was overly lax prior to 7 Apr or is overly stringent post 1 Jun. Singaporeans are paying the price for SG govt's inconsistency and incompetence.
101574778,22737900,Michael Tan,"Jun 1, 2020",Bloody childish. Move straight to phase 3! No improvement anyway with your cb. In fact horror story.
101574778,22737900,Amos HM Tan,"Jun 1, 2020","Resume school is the worst/irresponsible move, you may not see phase 3 should anything happen to the children. "
101574778,22737900,Kyo Jun Hao,"Jun 1, 2020",How long does phase 1 last? Is there an estimated date ?
101574778,22737900,Nisha Dhalani,"Jun 3, 2020",Beauty parlour in which phase
101574778,22737900,Kim Chi Na,"Jun 1, 2020",I'm very sure got people dun wear mask or no social distance liao.
101574778,22737900,Jeremy Tan,"Jun 1, 2020",No more social distancing on public transport 
101574778,22737900,PL Chan,"Jun 1, 2020",Canâ€™t wait for phase 2 .
101574778,22737900,Wong Yking,"Jun 1, 2020",Phase 1 same as usual as CB .. ..not much different...
101574778,22737900,Jeremy Tan,"Jun 1, 2020",Forgot to include General Election in Phase 2 #justsaying
101574778,22737900,Ayako Kubota,"Jun 1, 2020",when the phase 3 is scheduled for?ðŸ—“
101574778,22737900,Lawrence Lim,"Jun 1, 2020","What about casino, toto, 4D, turf club......"
101574778,22737900,Allan Huang,"Jun 1, 2020",Then how about massage salon and 4D outlet
101574778,22737900,Douglas Kio,"Jun 1, 2020",How about Singapore pools?
101574778,22737900,Arie Alejandro,"Jun 2, 2020",I cant wait for PS 5ðŸ˜
101574778,22737900,Sky Axl,"Jun 1, 2020",When. 4d  can open
101574778,22737900,Douglas Kio,"Jun 1, 2020",How About Casinos?
101574778,22737900,Kane Ang,"Jun 2, 2020",Qing Wen
101574778,22737900,El Kun,"Jun 1, 2020",Hand phone shop which Phase?
101574778,22737900,Line Cony,"Jun 1, 2020",When can I go to sing karaoke?
101574778,22737900,Zhihao Fu,"Jun 2, 2020",Thia Yuan
101574778,22737900,Firdaus Leto,"Jun 2, 2020",Yourstruly Mizzy
101574778,22737900,Iswaran Karuppiah,"Jun 2, 2020",Ho Scarlett
101574778,22737900,Vocus Koe,"Jun 2, 2020",CB to exit need any LEW to turn on?
101574778,22737900,Tey Poey Thiam,"Jun 1, 2020",4d phase what?
101574778,22737900,Zhihao Fu,"Jun 2, 2020",Poh Weng
101574778,22737900,Naomi Chan,"Jun 4, 2020",Wak Fitri
101574778,22737900,Jude Lawrence,"Jun 2, 2020",Meiyan Cheong
101574778,22737900,Eddie Acit Asary,"Jun 2, 2020",Azreena Zainal
101574778,22737900,Evie Psy,"Jun 3, 2020",Jenna Lim Joyce Leng 
101574778,22737900,Rafael Yahlomi,"Jun 1, 2020",Avihu YahlomiMaor Yahlomi ×›××œ×” ×ž×¡×•×“×¨×™× ×™××œ×œ×” 
101574778,22737900,Phina Colico,"Jun 1, 2020",Waiting phase 3
101574778,22737900,Kiky Quinn,"Jun 2, 2020",Nadia Izfahanie tukâ˜ðŸ»â˜ðŸ»ðŸ¤¦ðŸ»â€â™€ï¸
101574778,22737900,Melvin Ghwee,"Jun 3, 2020","Phase 1 stay home, phase 2 don't open your business, phase 3 my business interest come first cause I  have given you my big money. After all you say what you like."
101574778,22737900,Jishu Chandra Sarkar,"Jun 1, 2020","My thanks goes to Mrs Patricia Elizabeth    you are a life saver you are the reason why i want to live a thousand years on this earth. I never have interest in bitcoin trading because all are scam. But you make it clear to me that it is no scam. I invested $500 and I have the profit of $5,000 I can't stop sharing this good work of yours DM Mrs Patricia Elizabeth for a better trade  https://m.me/patriciaas.elizabeth7"
101574778,22737900,Roy Lam,"Jun 2, 2020",I hear u .. sharing 
101574778,22737900,Kang Zhiyi,"Jun 2, 2020",Jiacheng Ng
101574778,22737900,Hazly Shamad,"Jun 1, 2020",Mohd Hafeez
101574778,22737900,Báº£o HÃ¢n,"Jun 1, 2020",Brent Chen
101574778,22737900,Karimah Ummu Oliviah,"Jun 1, 2020",Jude Ghazali Nur Hisyam Mohd Noor Aminah Aminah Nur Izzatie Nur Shahira
101574778,22737900,SengPing Tan,"Jun 1, 2020",Lim Mei Heong
101574778,22737900,Caryn JieJuin,"Jun 1, 2020",Glyn Ling Xiu Hui
101574778,22737900,Yuggan Thinaharan,"Jun 1, 2020",DrMikkey Guetta
101574778,22737900,Radhika Divya,"Jun 1, 2020",Vishnu Dharumaseharan
101574778,22737900,Shawn Eng Peng How,"Jun 1, 2020",Bob Ng Guru 10 by 10 uh your wedding
101574778,22737900,Doreen Low Shi Yin,"Jun 1, 2020",Gordon Lowy
101574778,22737900,Rekha Gnasakaren,"Jun 1, 2020",Mugilan Solamalai
101574778,22737900,Siti Rashida,"Jun 1, 2020",Mohamad Rizhuwan 
101574778,22737900,Xavier Santhiayoo,"Jun 1, 2020",Nancy Xavier
101574778,22737900,Hayden Khaw,"Jun 1, 2020",Im very2 sure will no social distance.... ðŸ¤£ðŸ¤£ðŸ¤£
101574778,22737900,Winnie Aw,"Jun 1, 2020",Just cycle to work lah!ðŸ˜ƒ
101574778,22737900,Li Ling Wong,"Jun 1, 2020",Audrey Yip
101574778,22737900,Li Ling Wong,"Jun 1, 2020",Charlene Rodrigues
101574778,22737900,Joreen Ong,"Jun 1, 2020","Ting Tiing  some retail outlets in phase 2, spa in phase 3. "
101574778,22737900,Rhian Clayton-Payne,"Jun 1, 2020",James Clayton-Payne
101574778,22737900,Sabrina Nguyen,"Jun 1, 2020",Yong VyJenny Wong
101574778,22737900,Kucing Comot,"Jun 1, 2020",Shariffa Zahireen
101574778,22737900,Irene Tan,"Jun 1, 2020",Asrin Guns
101574778,22737900,Eileen Tay,"Jun 1, 2020",Chan Yi Hao
101574778,22737900,Nur Ashikin,"Jun 1, 2020",Fadli Ibn Hussain so phase 2 or 3 
101574778,22737900,Cecilia Teng,"Jun 1, 2020",End of year best
101574778,22737900,Damien Ho,"Jun 1, 2020",I'm calling BS on this my nigga
101574778,22737900,Eveline Yip,"Jun 1, 2020",Tiffany Lee Li Ling Wong Inin Lin
101574778,22737900,Stan Yap,"Jun 1, 2020",Jedalyn Montesa-Yap
101574778,22737900,á€”á€½á€±á€¦á€¸ á€”á€¾á€„á€ºá€¸,"Jun 1, 2020",Min Khaing
101574778,22737900,QiongRong Sen,"Jun 1, 2020",Matthias Chng 
101574778,22737900,Keertana Paramesvaran,"Jun 1, 2020",Apple Sharrat
